so,2450-A-1-0-0,0.100000,0.16268986
what,2450-A-1-1-0,0.300000,0.20371416
kind,2450-A-1-2-0,0.100000,0.28669727
of,2450-A-1-3-0,0.100000,0.10037631
weather,2450-A-1-4-0,0.600000,0.8183652
have,2450-A-1-5-0,0.200000,0.23564082
you,2450-A-1-6-0,0.100000,0.08252317
had,2450-A-1-7-0,0.300000,0.24712741
in,2450-A-1-8-0,0.100000,0.12185621
dallas,2450-A-1-9-0,1.000000,0.9043536
,,,
really,2450-A-3-0-0,0.200000,0.16530117
yeah,2450-A-3-1-0,0.000000,0.13700107
see,2450-A-3-2-0,0.100000,0.256397
i,2450-A-3-3-0,0.300000,0.06989071
$UNK$,2450-A-3-4-0,0.700000,0.5411675
i,2450-A-3-5-0,0.300000,0.082314044
$UNK$,2450-A-3-6-0,0.200000,0.5117803
i,2450-A-3-7-0,0.100000,0.08615896
thought,2450-A-3-8-0,0.400000,0.3540951
my,2450-A-3-9-0,0.100000,0.08827275
uh,2450-A-3-10-0,0.000000,0.0023514628
i,2450-A-3-11-0,0.100000,0.05706224
thought,2450-A-3-12-0,0.400000,0.15685403
i,2450-A-3-13-0,0.100000,0.06522128
live,2450-A-3-14-0,0.400000,0.65898997
in,2450-A-3-15-0,0.100000,0.10708308
$UNK$,2450-A-3-16-0,1.000000,0.77128327
and,2450-A-3-17-0,0.300000,0.18383464
i,2450-A-3-18-0,0.100000,0.07129434
thought,2450-A-3-19-0,0.400000,0.3791549
it,2450-A-3-20-0,0.100000,0.10801318
was,2450-A-3-21-0,0.300000,0.1438941
pretty,2450-A-3-22-0,0.200000,0.2475222
$UNK$,2450-A-3-23-0,0.400000,0.6427842
but,2450-A-3-24-0,0.300000,0.23784411
anyway,2450-A-3-25-0,0.100000,0.39767027
but,2450-A-3-26-0,0.200000,0.25829095
i,2450-A-3-27-0,0.100000,0.058242887
guess,2450-A-3-28-0,0.300000,0.22484925
$UNK$,2450-A-3-29-0,0.300000,0.29363087
right,2450-A-3-30-0,0.300000,0.23325518
though,2450-A-3-31-0,0.300000,0.26420903
it,2450-A-3-32-0,0.100000,0.13189203
has,2450-A-3-33-0,0.300000,0.194868
been,2450-A-3-34-0,0.300000,0.20316413
real,2450-A-3-35-0,0.200000,0.23632011
$UNK$,2450-A-3-36-0,0.600000,0.60597265
because,2450-A-3-37-0,0.300000,0.3247906
,,,
it,2450-A-4-0-0,0.100000,0.09639081
um,2450-A-4-1-0,0.000000,0.01602447
$UNK$,2450-A-4-2-0,0.200000,0.15874448
had,2450-A-4-3-0,0.300000,0.25316727
to,2450-A-4-4-0,0.000000,0.021080852
use,2450-A-4-5-0,0.400000,0.56496495
the,2450-A-4-6-0,0.000000,0.01390332
air,2450-A-4-7-0,0.900000,0.842224
conditioner,2450-A-4-8-0,0.900000,0.8459338
in,2450-A-4-9-0,0.100000,0.09033781
$UNK$,2450-A-4-10-0,0.900000,0.8312484
and,2450-A-4-11-0,0.300000,0.19703472
that,2450-A-4-12-0,0.100000,0.16807991
is,2450-A-4-13-0,0.300000,0.12579638
pretty,2450-A-4-14-0,0.200000,0.218622
$UNK$,2450-A-4-15-0,0.500000,0.5889309
,,,
uh-huh,2450-A-6-0-0,0.200000,0.05561164
,,,
yeah,2450-A-10-0-0,0.100000,0.07773122
,,,
yeah,2450-A-12-0-0,0.000000,0.07565978
i,2450-A-12-1-0,0.100000,0.056816757
know,2450-A-12-2-0,0.300000,0.16422403
the,2450-A-12-3-0,0.000000,0.02416721
$UNK$,2450-A-12-4-0,0.800000,0.8339582
are,2450-A-12-5-0,0.100000,0.14723599
real,2450-A-12-6-0,0.200000,0.21082768
pretty,2450-A-12-7-0,0.200000,0.27005833
right,2450-A-12-8-0,0.300000,0.21986079
now,2450-A-12-9-0,0.400000,0.21732578
and,2450-A-12-10-0,0.300000,0.1688725
everything,2450-A-12-11-0,0.400000,0.31068456
and,2450-A-12-12-0,0.200000,0.21945903
uh,2450-A-12-13-0,0.000000,0.0038381517
i,2450-A-12-14-0,0.100000,0.04988134
$UNK$,2450-A-12-15-0,0.300000,0.6262994
know,2450-A-12-16-0,0.400000,0.14673358
i,2450-A-12-17-0,0.100000,0.0668399
know,2450-A-12-18-0,0.200000,0.15155461
the,2450-A-12-19-0,0.000000,0.014307916
$UNK$,2450-A-12-20-0,0.900000,0.80992323
is,2450-A-12-21-0,0.100000,0.1245347
real,2450-A-12-22-0,0.200000,0.32013887
high,2450-A-12-23-0,0.400000,0.54066294
but,2450-A-12-24-0,0.300000,0.27308112
i,2450-A-12-25-0,0.100000,0.067884386
think,2450-A-12-26-0,0.400000,0.18494499
$UNK$,2450-A-12-27-0,0.300000,0.31301004
higher,2450-A-12-28-0,0.600000,0.4605825
than,2450-A-12-29-0,0.300000,0.24443007
$UNK$,2450-A-12-30-0,0.400000,0.7165675
$UNK$,2450-A-12-31-0,0.300000,0.3872295
it,2450-A-12-32-0,0.300000,0.15230453
,,,
yeah,2450-A-14-0-0,0.100000,0.08106947
i,2450-A-14-1-0,0.100000,0.060971916
know,2450-A-14-2-0,0.200000,0.12863779
$UNK$,2450-A-14-3-0,0.200000,0.17419991
been,2450-A-14-4-0,0.300000,0.19502345
$UNK$,2450-A-14-5-0,0.600000,0.5303027
me,2450-A-14-6-0,0.200000,0.13464782
a,2450-A-14-7-0,0.000000,0.00981015
lot,2450-A-14-8-0,0.300000,0.32835758
but,2450-A-14-9-0,0.300000,0.2553171
yeah,2450-A-14-10-0,0.100000,0.10140753
i,2450-A-14-11-0,0.100000,0.05767122
think,2450-A-14-12-0,0.300000,0.24209312
$UNK$,2450-A-14-13-0,0.200000,0.36253673
i,2450-A-14-14-0,0.100000,0.06941357
think,2450-A-14-15-0,0.200000,0.26616216
the,2450-A-14-16-0,0.000000,0.01167053
weather,2450-A-14-17-0,0.800000,0.855664
overall,2450-A-14-18-0,0.200000,0.73145235
has,2450-A-14-19-0,0.100000,0.21116504
been,2450-A-14-20-0,0.300000,0.20063359
um,2450-A-14-21-0,0.000000,0.021914214
probably,2450-A-14-22-0,0.200000,0.2816016
like,2450-A-14-23-0,0.200000,0.2353704
you,2450-A-14-24-0,0.100000,0.07486603
said,2450-A-14-25-0,0.200000,0.45774472
probably,2450-A-14-26-0,0.200000,0.32253778
a,2450-A-14-27-0,0.000000,0.008101732
little,2450-A-14-28-0,0.200000,0.34316084
bit,2450-A-14-29-0,0.100000,0.26023373
$UNK$,2450-A-14-30-0,0.600000,0.7508972
and,2450-A-14-31-0,0.200000,0.17281291
so,2450-A-14-32-0,0.300000,0.17517847
,,,
anyway,2450-A-15-0-0,0.200000,0.30772293
so,2450-A-15-1-0,0.300000,0.20117486
we,2450-A-15-2-0,0.100000,0.08337581
basically,2450-A-15-3-0,0.100000,0.5583517
live,2450-A-15-4-0,0.600000,0.5929313
in,2450-A-15-5-0,0.100000,0.11472803
the,2450-A-15-6-0,0.000000,0.022426605
same,2450-A-15-7-0,0.300000,0.27874142
area,2450-A-15-8-0,0.500000,0.351102
so,2450-A-15-9-0,0.100000,0.16622329
$UNK$,2450-A-15-10-0,0.300000,0.42486483
real,2450-A-15-11-0,0.200000,0.2751897
hard,2450-A-15-12-0,0.400000,0.5776737
to,2450-A-15-13-0,0.000000,0.04920885
,,,
i,2450-A-17-0-0,0.100000,0.04564327
know,2450-A-17-1-0,0.300000,0.12805939
i,2450-A-17-2-0,0.100000,0.06910208
just,2450-A-17-3-0,0.200000,0.15346682
think,2450-A-17-4-0,0.300000,0.2592145
$UNK$,2450-A-17-5-0,0.200000,0.1885592
been,2450-A-17-6-0,0.300000,0.21690726
$UNK$,2450-A-17-7-0,0.600000,0.7391459
and,2450-A-17-8-0,0.200000,0.18863088
$UNK$,2450-A-17-9-0,0.100000,0.2870276
been,2450-A-17-10-0,0.300000,0.23407295
$UNK$,2450-A-17-11-0,0.600000,0.620347
and,2450-A-17-12-0,0.200000,0.21430704
i,2450-A-17-13-0,0.100000,0.074730575
like,2450-A-17-14-0,0.300000,0.2537117
it,2450-A-17-15-0,0.300000,0.1533297
and,2450-A-17-16-0,0.200000,0.17295665
$UNK$,2450-A-17-17-0,0.300000,0.4116341
$UNK$,2450-A-17-18-0,0.600000,0.6177263
and,2450-A-17-19-0,0.200000,0.18866828
all,2450-A-17-20-0,0.000000,0.19736323
the,2450-A-17-21-0,0.000000,0.019063294
$UNK$,2450-A-17-22-0,0.800000,0.8063346
are,2450-A-17-23-0,0.300000,0.14109805
pretty,2450-A-17-24-0,0.600000,0.30747783
and,2450-A-17-25-0,0.200000,0.20452407
i,2450-A-17-26-0,0.100000,0.06906685
wish,2450-A-17-27-0,0.300000,0.59131473
it,2450-A-17-28-0,0.100000,0.12348139
would,2450-A-17-29-0,0.200000,0.19935372
stay,2450-A-17-30-0,0.400000,0.5979736
like,2450-A-17-31-0,0.300000,0.23315892
this,2450-A-17-32-0,0.300000,0.14162228
all,2450-A-17-33-0,0.300000,0.20281553
the,2450-A-17-34-0,0.000000,0.014341146
time,2450-A-17-35-0,0.400000,0.52809167
,,,
so,2450-A-18-0-0,0.300000,0.1397371
yeah,2450-A-18-1-0,0.200000,0.11523986
i,2450-A-18-2-0,0.100000,0.070985496
could,2450-A-18-3-0,0.300000,0.33510578
too,2450-A-18-4-0,0.200000,0.29042575
and,2450-A-18-5-0,0.300000,0.20609191
uh,2450-A-18-6-0,0.000000,0.0033623576
$UNK$,2450-A-18-7-0,0.000000,0.28455272
i,2450-A-18-8-0,0.100000,0.07633203
$UNK$,2450-A-18-9-0,0.700000,0.60837245
think,2450-A-18-10-0,0.400000,0.30399498
we,2450-A-18-11-0,0.100000,0.13800356
can,2450-A-18-12-0,0.300000,0.17906627
say,2450-A-18-13-0,0.400000,0.34515142
anything,2450-A-18-14-0,0.300000,0.30725276
else,2450-A-18-15-0,0.300000,0.2715951
really,2450-A-18-16-0,0.200000,0.23018688
,,,
yeah,2450-A-19-0-0,0.200000,0.08825773
that,2450-A-19-1-0,0.100000,0.1555162
sounds,2450-A-19-2-0,0.400000,0.3510989
like,2450-A-19-3-0,0.300000,0.23221436
a,2450-A-19-4-0,0.000000,0.007960588
good,2450-A-19-5-0,0.400000,0.52913904
deal,2450-A-19-6-0,0.600000,0.6452345
well,2450-A-19-7-0,0.000000,0.16723439
you,2450-A-19-8-0,0.100000,0.083821595
have,2450-A-19-9-0,0.300000,0.23248711
a,2450-A-19-10-0,0.000000,0.005176991
nice,2450-A-19-11-0,0.600000,0.69086057
day,2450-A-19-12-0,0.700000,0.75308454
and,2450-A-19-13-0,0.200000,0.19858208
$UNK$,2450-A-19-14-0,0.300000,0.3123182
talk,2450-A-19-15-0,0.600000,0.62216985
to,2450-A-19-16-0,0.000000,0.025504977
you,2450-A-19-17-0,0.100000,0.08597386
later,2450-A-19-18-0,0.400000,0.39262888
bye,2450-A-19-19-0,0.300000,0.48924446
,,,
well,2450-B-1-0-0,0.000000,0.108267754
$UNK$,2450-B-1-1-0,0.200000,0.17148906
been,2450-B-1-2-0,0.300000,0.21839756
very,2450-B-1-3-0,0.100000,0.1747612
windy,2450-B-1-4-0,0.600000,0.75270236
and,2450-B-1-5-0,0.200000,0.25511444
$UNK$,2450-B-1-6-0,0.200000,0.46454236
uh,2450-B-1-7-0,0.000000,0.0026702583
probably,2450-B-1-8-0,0.200000,0.21914312
$UNK$,2450-B-1-9-0,0.600000,0.69305056
$UNK$,2450-B-1-10-0,0.800000,0.6048751
for,2450-B-1-11-0,0.300000,0.1545761
time,2450-B-1-12-0,0.500000,0.49443918
right,2450-B-1-13-0,0.200000,0.20391256
now,2450-B-1-14-0,0.400000,0.21874031
,,,
yeah,2450-B-3-0-0,0.100000,0.061363786
$UNK$,2450-B-3-1-0,0.300000,0.1969766
already,2450-B-3-2-0,0.100000,0.2414391
had,2450-B-3-3-0,0.300000,0.21502954
to,2450-B-3-4-0,0.000000,0.02615711
use,2450-B-3-5-0,0.400000,0.6581682
that,2450-B-3-6-0,0.100000,0.18349072
and,2450-B-3-7-0,0.200000,0.17129532
$UNK$,2450-B-3-8-0,0.100000,0.2840318
had,2450-B-3-9-0,0.300000,0.22698507
like,2450-B-3-10-0,0.100000,0.24534911
i,2450-B-3-11-0,0.100000,0.069943994
meant,2450-B-3-12-0,0.300000,0.57466197
this,2450-B-3-13-0,0.100000,0.16571674
is,2450-B-3-14-0,0.100000,0.1029059
probably,2450-B-3-15-0,0.400000,0.2970381
typical,2450-B-3-16-0,0.200000,0.6262239
though,2450-B-3-17-0,0.300000,0.37989932
uh,2450-B-3-18-0,0.000000,0.004609138
with,2450-B-3-19-0,0.300000,0.20194468
like,2450-B-3-20-0,0.400000,0.1870293
$UNK$,2450-B-3-21-0,0.900000,0.76232475
weather,2450-B-3-22-0,0.900000,0.85870796
and,2450-B-3-23-0,0.300000,0.19574958
$UNK$,2450-B-3-24-0,0.900000,0.7469475
$UNK$,2450-B-3-25-0,0.800000,0.7600061
and,2450-B-3-26-0,0.200000,0.18427476
um,2450-B-3-27-0,0.000000,0.015722275
,,,
so,2450-B-4-0-0,0.300000,0.168306
uh,2450-B-4-1-0,0.000000,0.0023368
you,2450-B-4-2-0,0.000000,0.04569909
know,2450-B-4-3-0,0.000000,0.0720804
i,2450-B-4-4-0,0.100000,0.054855257
i,2450-B-4-5-0,0.000000,0.059812337
forget,2450-B-4-6-0,0.600000,0.50891966
from,2450-B-4-7-0,0.300000,0.18819639
year,2450-B-4-8-0,0.400000,0.52817136
to,2450-B-4-9-0,0.300000,0.022936016
year,2450-B-4-10-0,0.400000,0.5260209
$UNK$,2450-B-4-11-0,0.100000,0.24815652
getting,2450-B-4-12-0,0.400000,0.51172566
too,2450-B-4-13-0,0.300000,0.26092705
old,2450-B-4-14-0,0.600000,0.60789263
but,2450-B-4-15-0,0.300000,0.27958202
the,2450-B-4-16-0,0.000000,0.019916922
um,2450-B-4-17-0,0.000000,0.066737026
,,,
it,2450-B-5-0-0,0.100000,0.11521712
it,2450-B-5-1-0,0.000000,0.13999087
the,2450-B-5-2-0,0.000000,0.02584511
the,2450-B-5-3-0,0.000000,0.06578639
the,2450-B-5-4-0,0.000000,0.011978537
$UNK$,2450-B-5-5-0,0.600000,0.64558876
$UNK$,2450-B-5-6-0,0.600000,0.555547
very,2450-B-5-7-0,0.200000,0.19594035
hard,2450-B-5-8-0,0.800000,0.49201342
but,2450-B-5-9-0,0.300000,0.26059276
i,2450-B-5-10-0,0.100000,0.06651053
guess,2450-B-5-11-0,0.400000,0.24945751
uh,2450-B-5-12-0,0.000000,0.0033408701
you,2450-B-5-13-0,0.000000,0.038667798
know,2450-B-5-14-0,0.000000,0.06620127
$UNK$,2450-B-5-15-0,0.300000,0.3803379
just,2450-B-5-16-0,0.200000,0.21039948
out,2450-B-5-17-0,0.400000,0.3071164
of,2450-B-5-18-0,0.100000,0.086864114
$UNK$,2450-B-5-19-0,0.800000,0.80829763
and,2450-B-5-20-0,0.200000,0.20842922
uh,2450-B-5-21-0,0.000000,0.0043284
will,2450-B-5-22-0,0.300000,0.27463132
bring,2450-B-5-23-0,0.400000,0.49651128
the,2450-B-5-24-0,0.000000,0.016955853
rain,2450-B-5-25-0,0.800000,0.82627904
in,2450-B-5-26-0,0.300000,0.18180415
$UNK$,2450-B-5-27-0,0.900000,0.6621683
,,,
yes,2450-B-7-0-0,0.300000,0.29423892
it,2450-B-7-1-0,0.100000,0.11485112
is,2450-B-7-2-0,0.100000,0.11370781
seems,2450-B-7-3-0,0.400000,0.28897285
very,2450-B-7-4-0,0.200000,0.21710742
high,2450-B-7-5-0,0.400000,0.4485675
it,2450-B-7-6-0,0.100000,0.12450573
$UNK$,2450-B-7-7-0,0.700000,0.5390307
$UNK$,2450-B-7-8-0,0.600000,0.39355454
me,2450-B-7-9-0,0.200000,0.1266016
but,2450-B-7-10-0,0.300000,0.2552513
i,2450-B-7-11-0,0.100000,0.06267658
know,2450-B-7-12-0,0.300000,0.17549407
the,2450-B-7-13-0,0.000000,0.010238379
people,2450-B-7-14-0,0.500000,0.58477753
that,2450-B-7-15-0,0.100000,0.17018256
have,2450-B-7-16-0,0.300000,0.1977072
$UNK$,2450-B-7-17-0,0.800000,0.6553488
it,2450-B-7-18-0,0.100000,0.115771174
seems,2450-B-7-19-0,0.300000,0.36300915
to,2450-B-7-20-0,0.000000,0.022649735
be,2450-B-7-21-0,0.100000,0.21256936
a,2450-B-7-22-0,0.000000,0.007473409
pretty,2450-B-7-23-0,0.200000,0.32504648
high,2450-B-7-24-0,0.400000,0.5840078
,,,
a,2450-B-9-0-0,0.000000,0.013470262
little,2450-B-9-1-0,0.200000,0.24180809
bit,2450-B-9-2-0,0.100000,0.2796801
$UNK$,2450-B-9-3-0,0.600000,0.5872602
and,2450-B-9-4-0,0.200000,0.19380629
a,2450-B-9-5-0,0.000000,0.009309679
little,2450-B-9-6-0,0.200000,0.35511774
bit,2450-B-9-7-0,0.100000,0.3064196
uh,2450-B-9-8-0,0.000000,0.002121061
$UNK$,2450-B-9-9-0,0.600000,0.6441268
i,2450-B-9-10-0,0.100000,0.07267451
think,2450-B-9-11-0,0.300000,0.22810563
,,,
really,2450-B-11-0-0,0.200000,0.17184013
hard,2450-B-11-1-0,0.300000,0.44336188
to,2450-B-11-2-0,0.000000,0.019053906
make,2450-B-11-3-0,0.400000,0.5261302
too,2450-B-11-4-0,0.200000,0.28749245
big,2450-B-11-5-0,0.300000,0.55647343
of,2450-B-11-6-0,0.100000,0.18575332
uh,2450-B-11-7-0,0.000000,0.0023082495
different,2450-B-11-8-0,0.300000,0.3948288
$UNK$,2450-B-11-9-0,0.600000,0.7436141
right,2450-B-11-10-0,0.300000,0.21253106
yeah,2450-B-11-11-0,0.100000,0.11099705
,,,
yes,2450-B-13-0-0,0.300000,0.2524018
i,2450-B-13-1-0,0.100000,0.07678816
could,2450-B-13-2-0,0.300000,0.31692284
stand,2450-B-13-3-0,0.600000,0.49023283
this,2450-B-13-4-0,0.300000,0.14732131
all,2450-B-13-5-0,0.300000,0.21687469
summer,2450-B-13-6-0,0.800000,0.6594093
,,,
i,2450-B-15-0-0,0.100000,0.0535115
$UNK$,2450-B-15-1-0,0.700000,0.5714585
think,2450-B-15-2-0,0.400000,0.2928776
we,2450-B-15-3-0,0.200000,0.12414539
can,2450-B-15-4-0,0.300000,0.1857886
either,2450-B-15-5-0,0.400000,0.31295645
$UNK$,2450-B-15-6-0,0.300000,0.38778073
cut,2450-B-15-7-0,0.400000,0.46873963
off,2450-B-15-8-0,0.300000,0.39104804
,,,
you,2450-B-17-0-0,0.300000,0.057834417
too,2450-B-17-1-0,0.300000,0.24286088
bye-bye,2450-B-17-2-0,0.400000,0.2738399
,,,
$UNK$,4531-A-0-0-0,0.800000,0.174562
do,4531-A-0-1-0,0.200000,0.29461563
you,4531-A-0-2-0,0.100000,0.080097914
like,4531-A-0-3-0,0.300000,0.21079743
,,,
oh,4531-A-2-0-0,0.000000,0.016388178
i,4531-A-2-1-0,0.100000,0.060776323
do,4531-A-2-2-0,0.300000,0.21522337
too,4531-A-2-3-0,0.300000,0.28388458
yeah,4531-A-2-4-0,0.000000,0.06287524
$UNK$,4531-A-2-5-0,0.100000,0.13484699
a,4531-A-2-6-0,0.000000,0.006237507
$UNK$,4531-A-2-7-0,1.000000,0.69751287
brooks,4531-A-2-8-0,0.800000,0.83590764
fan,4531-A-2-9-0,0.600000,0.84567916
,,,
my,4531-A-3-0-0,0.100000,0.07066575
kids,4531-A-3-1-0,0.800000,0.7041321
make,4531-A-3-2-0,0.300000,0.41198823
fun,4531-A-3-3-0,0.400000,0.5302899
of,4531-A-3-4-0,0.100000,0.09468779
me,4531-A-3-5-0,0.100000,0.09050417
though,4531-A-3-6-0,0.200000,0.2915284
$UNK$,4531-A-3-7-0,0.100000,0.27535707
just,4531-A-3-8-0,0.100000,0.19619253
the,4531-A-3-9-0,0.000000,0.016019702
$UNK$,4531-A-3-10-0,0.400000,0.7640976
with,4531-A-3-11-0,0.300000,0.1993356
the,4531-A-3-12-0,0.000000,0.019913495
$UNK$,4531-A-3-13-0,0.800000,0.7143528
,,,
oh,4531-A-6-0-0,0.000000,0.013089538
actually,4531-A-6-1-0,0.300000,0.27590987
$UNK$,4531-A-6-2-0,0.100000,0.19211096
from,4531-A-6-3-0,0.200000,0.19551638
$UNK$,4531-A-6-4-0,1.000000,0.5485674
new,4531-A-6-5-0,1.000000,0.44149593
york,4531-A-6-6-0,1.000000,0.8731334
$UNK$,4531-A-6-7-0,0.300000,0.5763543
as,4531-A-6-8-0,0.100000,0.16425791
a,4531-A-6-9-0,0.000000,0.005894661
new,4531-A-6-10-0,1.000000,0.75055385
york,4531-A-6-11-0,1.000000,0.87140703
as,4531-A-6-12-0,0.100000,0.16814739
you,4531-A-6-13-0,0.100000,0.06169489
you,4531-A-6-14-0,0.100000,0.073376864
can,4531-A-6-15-0,0.200000,0.18638304
get,4531-A-6-16-0,0.200000,0.3591565
,,,
well,4531-A-8-0-0,0.000000,0.1045382
actually,4531-A-8-1-0,0.200000,0.35056168
$UNK$,4531-A-8-2-0,0.100000,0.20547086
in,4531-A-8-3-0,0.100000,0.092187524
long,4531-A-8-4-0,1.000000,0.5469785
$UNK$,4531-A-8-5-0,1.000000,0.607183
now,4531-A-8-6-0,0.200000,0.23238891
but,4531-A-8-7-0,0.300000,0.2636038
$UNK$,4531-A-8-8-0,1.000000,0.4166143
is,4531-A-8-9-0,0.100000,0.09965098
one,4531-A-8-10-0,0.400000,0.40099853
of,4531-A-8-11-0,0.100000,0.12004405
the,4531-A-8-12-0,0.000000,0.010413796
five,4531-A-8-13-0,0.700000,0.80462766
$UNK$,4531-A-8-14-0,0.800000,0.67663896
that,4531-A-8-15-0,0.100000,0.15013772
make,4531-A-8-16-0,0.300000,0.47011122
up,4531-A-8-17-0,0.100000,0.2051984
new,4531-A-8-18-0,1.000000,0.5436817
york,4531-A-8-19-0,1.000000,0.9274596
city,4531-A-8-20-0,1.000000,0.89207774
and,4531-A-8-21-0,0.200000,0.19513819
new,4531-A-8-22-0,1.000000,0.28382254
york,4531-A-8-23-0,1.000000,0.91744167
city,4531-A-8-24-0,1.000000,0.8428229
is,4531-A-8-25-0,0.100000,0.097254306
what,4531-A-8-26-0,0.300000,0.15675959
most,4531-A-8-27-0,0.200000,0.20117357
people,4531-A-8-28-0,0.500000,0.4992481
think,4531-A-8-29-0,0.300000,0.26541322
of,4531-A-8-30-0,0.100000,0.16424942
as,4531-A-8-31-0,0.100000,0.15024683
new,4531-A-8-32-0,1.000000,0.48575157
york,4531-A-8-33-0,1.000000,0.86047506
but,4531-A-8-34-0,0.200000,0.23631933
anyway,4531-A-8-35-0,0.100000,0.36135888
,,,
i,4531-A-10-0-0,0.100000,0.053973913
think,4531-A-10-1-0,0.300000,0.20561281
$UNK$,4531-A-10-2-0,0.100000,0.22019869
growing,4531-A-10-3-0,0.700000,0.6036589
$UNK$,4531-A-10-4-0,0.100000,0.16960135
getting,4531-A-10-5-0,0.600000,0.48763946
more,4531-A-10-6-0,0.200000,0.24499345
popular,4531-A-10-7-0,0.600000,0.5343653
i,4531-A-10-8-0,0.100000,0.05979672
think,4531-A-10-9-0,0.300000,0.25950032
well,4531-A-10-10-0,0.000000,0.16401115
i,4531-A-10-11-0,0.100000,0.07031667
was,4531-A-10-12-0,0.200000,0.20021829
$UNK$,4531-A-10-13-0,0.600000,0.5343701
in,4531-A-10-14-0,0.100000,0.14368072
nineteen,4531-A-10-15-0,0.900000,0.858597
fifty,4531-A-10-16-0,0.900000,0.8268099
so,4531-A-10-17-0,0.200000,0.21082032
um,4531-A-10-18-0,0.000000,0.0059943497
um,4531-A-10-19-0,0.000000,0.02602458
i,4531-A-10-20-0,0.100000,0.059219778
think,4531-A-10-21-0,0.400000,0.22512785
the,4531-A-10-22-0,0.000000,0.010773033
people,4531-A-10-23-0,0.600000,0.550716
who,4531-A-10-24-0,0.200000,0.26708472
were,4531-A-10-25-0,0.300000,0.2066192
into,4531-A-10-26-0,0.200000,0.26064724
$UNK$,4531-A-10-27-0,1.000000,0.6572882
and,4531-A-10-28-0,1.000000,0.19978458
$UNK$,4531-A-10-29-0,1.000000,0.64973974
are,4531-A-10-30-0,0.100000,0.13071379
getting,4531-A-10-31-0,0.400000,0.47611856
real,4531-A-10-32-0,0.100000,0.23037606
upset,4531-A-10-33-0,0.600000,0.6532029
with,4531-A-10-34-0,0.300000,0.18021691
this,4531-A-10-35-0,0.100000,0.124536425
$UNK$,4531-A-10-36-0,0.800000,0.56746244
stuff,4531-A-10-37-0,0.200000,0.35078585
and,4531-A-10-38-0,0.200000,0.18772614
,,,
oh,4531-A-11-0-0,0.000000,0.015048444
$UNK$,4531-A-11-1-0,0.100000,0.18209612
one,4531-A-11-2-0,0.400000,0.3830123
thing,4531-A-11-3-0,0.200000,0.2712946
i,4531-A-11-4-0,0.100000,0.08686736
just,4531-A-11-5-0,0.100000,0.15089715
$UNK$,4531-A-11-6-0,0.700000,0.59223145
stand,4531-A-11-7-0,0.400000,0.60910034
and,4531-A-11-8-0,0.200000,0.20672247
i,4531-A-11-9-0,0.100000,0.08564824
think,4531-A-11-10-0,0.300000,0.2764709
,,,
you,4531-A-12-0-0,0.000000,0.046255082
know,4531-A-12-1-0,0.000000,0.1036576
$UNK$,4531-A-12-2-0,0.200000,0.23908266
not,4531-A-12-3-0,0.700000,0.62880516
much,4531-A-12-4-0,0.100000,0.18793973
$UNK$,4531-A-12-5-0,0.900000,0.534566
and,4531-A-12-6-0,0.200000,0.17456573
$UNK$,4531-A-12-7-0,0.900000,0.24453396
anymore,4531-A-12-8-0,0.200000,0.40110308
$UNK$,4531-A-12-9-0,0.100000,0.11801472
a,4531-A-12-10-0,0.000000,0.007904351
lot,4531-A-12-11-0,0.300000,0.33583635
of,4531-A-12-12-0,0.100000,0.083072275
head,4531-A-12-13-0,0.600000,0.51604056
$UNK$,4531-A-12-14-0,0.600000,0.7191086
$UNK$,4531-A-12-15-0,0.800000,0.70607996
and,4531-A-12-16-0,0.200000,0.21631938
and,4531-A-12-17-0,0.200000,0.1937488
the,4531-A-12-18-0,0.000000,0.011502087
country,4531-A-12-19-0,0.800000,0.60599697
has,4531-A-12-20-0,0.300000,0.23539105
a,4531-A-12-21-0,0.000000,0.0050287545
nice,4531-A-12-22-0,0.200000,0.6873357
$UNK$,4531-A-12-23-0,0.600000,0.6977968
and,4531-A-12-24-0,0.200000,0.19945881
some,4531-A-12-25-0,0.100000,0.15418702
nice,4531-A-12-26-0,0.300000,0.61794245
words,4531-A-12-27-0,0.700000,0.6326626
and,4531-A-12-28-0,0.300000,0.18460158
$UNK$,4531-A-12-29-0,0.200000,0.35831508
$UNK$,4531-A-12-30-0,0.600000,0.49861997
,,,
well,4531-A-14-0-0,0.000000,0.11631781
i,4531-A-14-1-0,0.100000,0.061359495
you,4531-A-14-2-0,0.000000,0.063115835
know,4531-A-14-3-0,0.000000,0.087127805
i,4531-A-14-4-0,0.100000,0.059042722
$UNK$,4531-A-14-5-0,0.600000,0.8013332
teach,4531-A-14-6-0,0.700000,0.6498225
in,4531-A-14-7-0,0.100000,0.15734664
uh,4531-A-14-8-0,0.000000,0.0036770105
my,4531-A-14-9-0,0.100000,0.08976689
school,4531-A-14-10-0,0.800000,0.83987117
my,4531-A-14-11-0,0.100000,0.10586652
$UNK$,4531-A-14-12-0,0.300000,0.8830695
school,4531-A-14-13-0,0.800000,0.9242112
district,4531-A-14-14-0,0.800000,0.842059
and,4531-A-14-15-0,0.200000,0.19695845
the,4531-A-14-16-0,0.000000,0.011644334
high,4531-A-14-17-0,0.800000,0.6678517
school,4531-A-14-18-0,0.800000,0.84942317
had,4531-A-14-19-0,0.300000,0.24307707
country,4531-A-14-20-0,0.900000,0.535052
$UNK$,4531-A-14-21-0,0.800000,0.640794
day,4531-A-14-22-0,0.600000,0.65460795
,,,
they,4531-A-15-0-0,0.100000,0.15950051
have,4531-A-15-1-0,0.300000,0.20989978
this,4531-A-15-2-0,0.100000,0.08366668
big,4531-A-15-3-0,0.500000,0.56311166
$UNK$,4531-A-15-4-0,0.800000,0.6733031
where,4531-A-15-5-0,0.200000,0.22520891
the,4531-A-15-6-0,0.000000,0.012536436
kids,4531-A-15-7-0,0.800000,0.7738181
can,4531-A-15-8-0,0.200000,0.17802817
hang,4531-A-15-9-0,0.600000,0.4393573
out,4531-A-15-10-0,0.200000,0.28938806
after,4531-A-15-11-0,0.300000,0.48353344
$UNK$,4531-A-15-12-0,0.200000,0.2707451
had,4531-A-15-13-0,0.100000,0.23331574
their,4531-A-15-14-0,0.100000,0.15741909
lunch,4531-A-15-15-0,0.700000,0.7284527
,,,
and,4531-A-16-0-0,0.200000,0.17324233
there,4531-A-16-1-0,0.300000,0.18988135
was,4531-A-16-2-0,0.100000,0.17153817
a,4531-A-16-3-0,0.000000,0.0067249835
$UNK$,4531-A-16-4-0,0.800000,0.76780796
with,4531-A-16-5-0,0.300000,0.19480649
$UNK$,4531-A-16-6-0,0.800000,0.7704482
$UNK$,4531-A-16-7-0,0.700000,0.6004712
and,4531-A-16-8-0,0.200000,0.1771056
she,4531-A-16-9-0,0.100000,0.15290093
had,4531-A-16-10-0,0.300000,0.23241645
there,4531-A-16-11-0,0.100000,0.18835881
was,4531-A-16-12-0,0.100000,0.16386363
a,4531-A-16-13-0,0.000000,0.006259918
$UNK$,4531-A-16-14-0,0.700000,0.7437718
with,4531-A-16-15-0,0.200000,0.2175357
a,4531-A-16-16-0,0.000000,0.006409794
whole,4531-A-16-17-0,0.100000,0.3014678
black,4531-A-16-18-0,0.600000,0.7182406
$UNK$,4531-A-16-19-0,0.700000,0.59546036
on,4531-A-16-20-0,0.100000,0.14200792
a,4531-A-16-21-0,0.000000,0.006480187
little,4531-A-16-22-0,0.600000,0.36214507
$UNK$,4531-A-16-23-0,0.700000,0.6422474
around,4531-A-16-24-0,0.200000,0.28297496
his,4531-A-16-25-0,0.100000,0.1865828
$UNK$,4531-A-16-26-0,0.600000,0.7756275
and,4531-A-16-27-0,0.200000,0.20129341
$UNK$,4531-A-16-28-0,0.800000,0.58087844
$UNK$,4531-A-16-29-0,0.700000,0.35721838
,,,
and,4531-A-17-0-0,0.200000,0.16556999
they,4531-A-17-1-0,0.100000,0.16619891
had,4531-A-17-2-0,0.300000,0.2566489
a,4531-A-17-3-0,0.000000,0.01774925
you,4531-A-17-4-0,0.000000,0.05351925
know,4531-A-17-5-0,0.000000,0.09492335
one,4531-A-17-6-0,0.100000,0.3356722
of,4531-A-17-7-0,0.100000,0.0988273
these,4531-A-17-8-0,0.100000,0.1969176
we,4531-A-17-9-0,0.100000,0.11389226
call,4531-A-17-10-0,0.200000,0.5343353
$UNK$,4531-A-17-11-0,0.100000,0.13255024
$UNK$,4531-A-17-12-0,0.900000,0.29607013
$UNK$,4531-A-17-13-0,0.900000,0.438708
one,4531-A-17-14-0,0.100000,0.37475753
of,4531-A-17-15-0,0.100000,0.106678456
those,4531-A-17-16-0,0.100000,0.24011979
big,4531-A-17-17-0,0.400000,0.57495475
you,4531-A-17-18-0,0.000000,0.053708255
know,4531-A-17-19-0,0.000000,0.12442577
$UNK$,4531-A-17-20-0,0.800000,0.49757507
boxes,4531-A-17-21-0,0.600000,0.66093516
going,4531-A-17-22-0,0.300000,0.39474908
with,4531-A-17-23-0,0.100000,0.17688063
some,4531-A-17-24-0,0.100000,0.14341584
country,4531-A-17-25-0,0.800000,0.55798924
$UNK$,4531-A-17-26-0,0.700000,0.53195196
stuff,4531-A-17-27-0,0.100000,0.3886358
and,4531-A-17-28-0,0.200000,0.17575353
they,4531-A-17-29-0,0.100000,0.16671723
were,4531-A-17-30-0,0.200000,0.20136344
like,4531-A-17-31-0,0.100000,0.19420996
$UNK$,4531-A-17-32-0,0.500000,0.5725009
around,4531-A-17-33-0,0.200000,0.28667527
with,4531-A-17-34-0,0.300000,0.17620125
the,4531-A-17-35-0,0.000000,0.040897608
the,4531-A-17-36-0,0.000000,0.012683213
teenagers,4531-A-17-37-0,0.800000,0.7486158
trying,4531-A-17-38-0,0.600000,0.6307467
to,4531-A-17-39-0,0.000000,0.020017833
get,4531-A-17-40-0,0.300000,0.41846174
them,4531-A-17-41-0,0.200000,0.2052007
on,4531-A-17-42-0,0.100000,0.12652719
the,4531-A-17-43-0,0.000000,0.01064539
$UNK$,4531-A-17-44-0,0.900000,0.7456564
floor,4531-A-17-45-0,0.800000,0.66689616
,,,
and,4531-A-18-0-0,0.200000,0.17427516
the,4531-A-18-1-0,0.000000,0.030631065
the,4531-A-18-2-0,0.000000,0.029291362
the,4531-A-18-3-0,0.000000,0.0118867755
$UNK$,4531-A-18-4-0,0.800000,0.74090886
$UNK$,4531-A-18-5-0,0.700000,0.6172641
all,4531-A-18-6-0,0.000000,0.19687209
that,4531-A-18-7-0,0.100000,0.15171012
easy,4531-A-18-8-0,0.500000,0.4825129
$UNK$,4531-A-18-9-0,0.200000,0.13650858
a,4531-A-18-10-0,0.000000,0.0066670477
lot,4531-A-18-11-0,0.300000,0.32500055
of,4531-A-18-12-0,0.100000,0.121400386
$UNK$,4531-A-18-13-0,0.400000,0.6169039
to,4531-A-18-14-0,0.000000,0.05912587
it,4531-A-18-15-0,0.100000,0.16018093
and,4531-A-18-16-0,0.200000,0.19634783
a,4531-A-18-17-0,0.000000,0.0124928355
couple,4531-A-18-18-0,0.400000,0.53827643
the,4531-A-18-19-0,0.000000,0.016529858
kids,4531-A-18-20-0,0.800000,0.7344817
were,4531-A-18-21-0,0.200000,0.23517182
$UNK$,4531-A-18-22-0,0.600000,0.5465353
in,4531-A-18-23-0,0.100000,0.17188504
some,4531-A-18-24-0,0.100000,0.17424771
of,4531-A-18-25-0,0.100000,0.10421422
them,4531-A-18-26-0,0.200000,0.17685145
felt,4531-A-18-27-0,0.400000,0.37468052
totally,4531-A-18-28-0,0.100000,0.45011955
$UNK$,4531-A-18-29-0,0.600000,0.54060537
but,4531-A-18-30-0,0.300000,0.26264292
yeah,4531-A-18-31-0,0.000000,0.101169616
$UNK$,4531-A-18-32-0,0.100000,0.23111397
going,4531-A-18-33-0,0.400000,0.3659245
around,4531-A-18-34-0,0.200000,0.24611172
,,,
$UNK$,4531-A-19-0-0,0.100000,0.08244118
i,4531-A-19-1-0,0.000000,0.08695045
$UNK$,4531-A-19-2-0,0.700000,0.59286535
know,4531-A-19-3-0,0.400000,0.18161342
if,4531-A-19-4-0,0.100000,0.23999137
$UNK$,4531-A-19-5-0,0.200000,0.15768918
getting,4531-A-19-6-0,0.500000,0.5149724
to,4531-A-19-7-0,0.000000,0.036900282
the,4531-A-19-8-0,0.000000,0.011758208
$UNK$,4531-A-19-9-0,0.700000,0.72973734
though,4531-A-19-10-0,0.100000,0.390006
,,,
ah,4531-A-22-0-0,0.000000,0.0063810945
,,,
well,4531-A-24-0-0,0.000000,0.11401138
seeing,4531-A-24-1-0,0.400000,0.44290587
$UNK$,4531-A-24-2-0,0.300000,0.35098135
always,4531-A-24-3-0,0.100000,0.35885176
in,4531-A-24-4-0,0.200000,0.074833125
love,4531-A-24-5-0,0.800000,0.5199033
or,4531-A-24-6-0,0.200000,0.18854854
$UNK$,4531-A-24-7-0,0.300000,0.618274
always,4531-A-24-8-0,0.100000,0.30105376
been,4531-A-24-9-0,0.200000,0.19261864
$UNK$,4531-A-24-10-0,0.700000,0.67416817
on,4531-A-24-11-0,0.100000,0.21609378
oh,4531-A-24-12-0,0.100000,0.015785664
is,4531-A-24-13-0,0.100000,0.10728359
that,4531-A-24-14-0,0.100000,0.18539175
it,4531-A-24-15-0,0.100000,0.14609355
,,,
are,4531-A-27-0-0,0.100000,0.14492911
you,4531-A-27-1-0,0.300000,0.10200924
a,4531-A-27-2-0,0.000000,0.010155708
$UNK$,4531-A-27-3-0,0.700000,0.6602089
$UNK$,4531-A-27-4-0,0.900000,0.64520097
too,4531-A-27-5-0,0.200000,0.2965448
,,,
oh,4531-A-29-0-0,0.000000,0.02200833
well,4531-A-29-1-0,0.000000,0.11823052
you,4531-A-29-2-0,0.000000,0.052333325
know,4531-A-29-3-0,0.000000,0.09479827
$UNK$,4531-A-29-4-0,0.100000,0.22551009
something,4531-A-29-5-0,0.200000,0.29993787
you,4531-A-29-6-0,0.100000,0.06770721
$UNK$,4531-A-29-7-0,0.700000,0.6209764
$UNK$,4531-A-29-8-0,0.600000,0.4425528
the,4531-A-29-9-0,0.000000,0.020197302
way,4531-A-29-10-0,0.200000,0.3056227
you,4531-A-29-11-0,0.100000,0.0631921
could,4531-A-29-12-0,0.200000,0.25983912
just,4531-A-29-13-0,0.200000,0.17618683
$UNK$,4531-A-29-14-0,0.600000,0.71870023
to,4531-A-29-15-0,0.000000,0.032410115
$UNK$,4531-A-29-16-0,0.800000,0.78024036
and,4531-A-29-17-0,0.200000,0.20460054
$UNK$,4531-A-29-18-0,0.900000,0.5081873
you,4531-A-29-19-0,0.800000,0.061809897
really,4531-A-29-20-0,0.100000,0.18254441
do,4531-A-29-21-0,0.100000,0.2603344
know,4531-A-29-22-0,0.300000,0.19375923
the,4531-A-29-23-0,0.000000,0.011403769
$UNK$,4531-A-29-24-0,0.500000,0.7343645
though,4531-A-29-25-0,0.200000,0.3570853
,,,
yeah,4531-A-31-0-0,0.100000,0.088058114
,,,
is,4531-A-33-0-0,0.100000,0.09289089
there,4531-A-33-1-0,0.100000,0.1958313
any,4531-A-33-2-0,0.000000,0.22648886
other,4531-A-33-3-0,0.300000,0.20866963
kind,4531-A-33-4-0,0.200000,0.31613064
of,4531-A-33-5-0,0.100000,0.07463795
$UNK$,4531-A-33-6-0,0.800000,0.6078981
you,4531-A-33-7-0,0.100000,0.08364856
like,4531-A-33-8-0,0.400000,0.21144918
,,,
uh,4531-A-35-0-0,0.000000,0.0012423992
yeah,4531-A-35-1-0,0.100000,0.1326997
well,4531-A-35-2-0,0.000000,0.17462865
the,4531-A-35-3-0,0.000000,0.020523757
the,4531-A-35-4-0,0.000000,0.039711118
$UNK$,4531-A-35-5-0,0.400000,0.5412365
forty,4531-A-35-6-0,0.500000,0.6550639
kind,4531-A-35-7-0,0.300000,0.3319004
of,4531-A-35-8-0,0.100000,0.09311885
stuff,4531-A-35-9-0,0.200000,0.38751972
is,4531-A-35-10-0,0.100000,0.1443468
a,4531-A-35-11-0,0.000000,0.018202275
i,4531-A-35-12-0,0.100000,0.07617083
work,4531-A-35-13-0,0.600000,0.6222261
out,4531-A-35-14-0,0.400000,0.31000817
in,4531-A-35-15-0,0.100000,0.1488885
the,4531-A-35-16-0,0.000000,0.012984663
$UNK$,4531-A-35-17-0,0.800000,0.85549194
and,4531-A-35-18-0,0.200000,0.21244514
we,4531-A-35-19-0,0.100000,0.10465583
$UNK$,4531-A-35-20-0,0.600000,0.6894479
to,4531-A-35-21-0,0.000000,0.038106143
that,4531-A-35-22-0,0.100000,0.18381259
because,4531-A-35-23-0,0.300000,0.33480597
you,4531-A-35-24-0,0.100000,0.06612265
need,4531-A-35-25-0,0.300000,0.43230218
a,4531-A-35-26-0,0.000000,0.007765144
driving,4531-A-35-27-0,0.600000,0.76295555
$UNK$,4531-A-35-28-0,0.700000,0.6654043
to,4531-A-35-29-0,0.000000,0.021968842
keep,4531-A-35-30-0,0.300000,0.6281425
you,4531-A-35-31-0,0.100000,0.06991446
$UNK$,4531-A-35-32-0,0.300000,0.68128765
i,4531-A-35-33-0,0.100000,0.07365447
think,4531-A-35-34-0,0.200000,0.2244131
,,,
i,4531-A-39-0-0,0.100000,0.04993534
guess,4531-A-39-1-0,0.300000,0.17170966
$UNK$,4531-A-39-2-0,0.200000,0.09929615
thinking,4531-A-39-3-0,0.600000,0.4578239
of,4531-A-39-4-0,0.100000,0.09546071
the,4531-A-39-5-0,0.000000,0.017469823
old,4531-A-39-6-0,0.600000,0.49457756
$UNK$,4531-A-39-7-0,0.500000,0.39007357
$UNK$,4531-A-39-8-0,0.600000,0.38935894
$UNK$,4531-A-39-9-0,0.100000,0.15174225
thinking,4531-A-39-10-0,0.400000,0.5002851
of,4531-A-39-11-0,0.100000,0.10602927
the,4531-A-39-12-0,0.000000,0.012758642
$UNK$,4531-A-39-13-0,1.000000,0.7554158
$UNK$,4531-A-39-14-0,1.000000,0.77911437
you,4531-A-39-15-0,0.000000,0.095180035
know,4531-A-39-16-0,0.000000,0.19492155
,,,
right,4531-A-41-0-0,0.200000,0.117987156
,,,
well,4531-A-43-0-0,0.000000,0.12027803
i,4531-A-43-1-0,0.100000,0.07198453
have,4531-A-43-2-0,0.300000,0.2221728
a,4531-A-43-3-0,0.000000,0.0091175735
fourteen,4531-A-43-4-0,0.900000,0.8022319
year,4531-A-43-5-0,0.600000,0.60442096
old,4531-A-43-6-0,0.500000,0.673106
$UNK$,4531-A-43-7-0,0.800000,0.78058594
and,4531-A-43-8-0,0.200000,0.19781971
and,4531-A-43-9-0,0.200000,0.1803725
$UNK$,4531-A-43-10-0,0.200000,0.42179528
playing,4531-A-43-11-0,0.600000,0.71012896
stuff,4531-A-43-12-0,0.200000,0.33427674
by,4531-A-43-13-0,0.100000,0.34277722
um,4531-A-43-14-0,0.000000,0.026601791
who,4531-A-43-15-0,0.200000,0.31289494
is,4531-A-43-16-0,0.100000,0.10538897
it,4531-A-43-17-0,0.100000,0.10237086
,,,
no,4531-A-44-0-0,0.600000,0.64775825
not,4531-A-44-1-0,0.600000,0.5799427
$UNK$,4531-A-44-2-0,1.000000,0.52447027
and,4531-A-44-3-0,1.000000,0.17702097
$UNK$,4531-A-44-4-0,1.000000,0.46187764
$UNK$,4531-A-44-5-0,0.100000,0.31012642
in,4531-A-44-6-0,0.100000,0.10200989
the,4531-A-44-7-0,0.000000,0.011653066
$UNK$,4531-A-44-8-0,0.500000,0.7392706
saying,4531-A-44-9-0,0.400000,0.6325286
$UNK$,4531-A-44-10-0,1.000000,0.5498787
and,4531-A-44-11-0,1.000000,0.17954531
$UNK$,4531-A-44-12-0,1.000000,0.6210818
no,4531-A-44-13-0,0.600000,0.65511477
not,4531-A-44-14-0,0.700000,0.5761186
that,4531-A-44-15-0,0.100000,0.17270315
,,,
no,4531-A-45-0-0,0.000000,0.62389266
no,4531-A-45-1-0,0.000000,0.59460914
but,4531-A-45-2-0,0.200000,0.21184814
$UNK$,4531-A-45-3-0,0.100000,0.28274232
$UNK$,4531-A-45-4-0,0.000000,0.2816295
playing,4531-A-45-5-0,0.600000,0.69888306
uh,4531-A-45-6-0,0.000000,0.0032784939
$UNK$,4531-A-45-7-0,1.000000,0.5347426
the,4531-A-45-8-0,1.000000,0.02048263
$UNK$,4531-A-45-9-0,1.000000,0.8775779
$UNK$,4531-A-45-10-0,1.000000,0.8240174
and,4531-A-45-11-0,0.200000,0.18000728
that,4531-A-45-12-0,0.100000,0.16966802
that,4531-A-45-13-0,0.100000,0.14862448
$UNK$,4531-A-45-14-0,0.200000,0.33613682
old,4531-A-45-15-0,0.600000,0.52089363
stuff,4531-A-45-16-0,0.300000,0.38656366
and,4531-A-45-17-0,0.200000,0.20170325
the,4531-A-45-18-0,0.000000,0.019309372
kids,4531-A-45-19-0,0.800000,0.7616396
are,4531-A-45-20-0,0.100000,0.1555222
into,4531-A-45-21-0,0.300000,0.25767082
it,4531-A-45-22-0,0.200000,0.1224325
,,,
yeah,4531-A-46-0-0,0.000000,0.10796544
they,4531-A-46-1-0,0.100000,0.1748583
seem,4531-A-46-2-0,0.300000,0.3946221
to,4531-A-46-3-0,0.000000,0.030740231
be,4531-A-46-4-0,0.100000,0.17547172
$UNK$,4531-A-46-5-0,0.600000,0.6511904
it,4531-A-46-6-0,0.100000,0.08419898
,,,
do,4531-A-50-0-0,0.300000,0.24194092
you,4531-A-50-1-0,0.100000,0.072582275
play,4531-A-50-2-0,0.600000,0.63717943
any,4531-A-50-3-0,0.000000,0.19742548
instruments,4531-A-50-4-0,0.800000,0.60904235
,,,
oh,4531-A-52-0-0,0.000000,0.023091018
do,4531-A-52-1-0,0.300000,0.20539278
you,4531-A-52-2-0,0.100000,0.065268755
like,4531-A-52-3-0,0.400000,0.19312862
$UNK$,4531-A-52-4-0,0.700000,0.6254461
,,,
i,4531-A-54-0-0,0.100000,0.059285253
like,4531-A-54-1-0,0.400000,0.21233761
$UNK$,4531-A-54-2-0,0.900000,0.5188767
yeah,4531-A-54-3-0,0.000000,0.1194486
i,4531-A-54-4-0,0.100000,0.07554096
like,4531-A-54-5-0,0.400000,0.22715011
some,4531-A-54-6-0,0.100000,0.19002825
of,4531-A-54-7-0,0.100000,0.09536505
that,4531-A-54-8-0,0.100000,0.1986799
,,,
i,4531-A-58-0-0,0.100000,0.05016008
guess,4531-A-58-1-0,0.200000,0.22189644
well,4531-A-58-2-0,0.000000,0.15804616
you,4531-A-58-3-0,0.000000,0.05730465
know,4531-A-58-4-0,0.000000,0.08733216
$UNK$,4531-A-58-5-0,0.100000,0.26317993
sort,4531-A-58-6-0,0.200000,0.343363
of,4531-A-58-7-0,0.100000,0.09790823
a,4531-A-58-8-0,0.000000,0.008655459
product,4531-A-58-9-0,0.500000,0.5149635
of,4531-A-58-10-0,0.100000,0.10990086
,,,
well,4531-B-1-0-0,0.000000,0.11630225
being,4531-B-1-1-0,0.200000,0.17869437
from,4531-B-1-2-0,0.300000,0.34974608
texas,4531-B-1-3-0,0.900000,0.86267084
i,4531-B-1-4-0,0.100000,0.08062038
love,4531-B-1-5-0,0.400000,0.48112985
country,4531-B-1-6-0,0.900000,0.6003535
$UNK$,4531-B-1-7-0,0.800000,0.57567066
$UNK$,4531-B-1-8-0,0.200000,0.295434
you,4531-B-1-9-0,0.100000,0.07472944
do,4531-B-1-10-0,0.100000,0.2503112
are,4531-B-1-11-0,0.100000,0.16348824
,,,
oh,4531-B-2-0-0,0.000000,0.017631292
absolutely,4531-B-2-1-0,0.600000,0.23995787
,,,
do,4531-B-4-0-0,0.100000,0.27545053
they,4531-B-4-1-0,0.100000,0.18083882
really,4531-B-4-2-0,0.300000,0.2365011
,,,
well,4531-B-6-0-0,0.000000,0.10205045
you,4531-B-6-1-0,0.100000,0.06854993
you,4531-B-6-2-0,0.000000,0.053005338
$UNK$,4531-B-6-3-0,0.800000,0.60105056
sound,4531-B-6-4-0,0.600000,0.4757911
like,4531-B-6-5-0,0.200000,0.2499463
uh,4531-B-6-6-0,0.000000,0.004527986
from,4531-B-6-7-0,0.300000,0.21476543
new,4531-B-6-8-0,1.000000,0.27810532
york,4531-B-6-9-0,1.000000,0.8495259
,,,
oh,4531-B-8-0-0,0.000000,0.020488292
my,4531-B-8-1-0,0.000000,0.07068312
well,4531-B-8-2-0,0.000000,0.19173759
someone,4531-B-8-3-0,0.300000,0.26504976
called,4531-B-8-4-0,0.400000,0.40911174
me,4531-B-8-5-0,0.100000,0.11470801
the,4531-B-8-6-0,0.000000,0.018757105
other,4531-B-8-7-0,0.300000,0.3001666
day,4531-B-8-8-0,0.600000,0.64400077
from,4531-B-8-9-0,0.200000,0.35088432
uh,4531-B-8-10-0,0.000000,0.006433785
new,4531-B-8-11-0,1.000000,0.71231645
$UNK$,4531-B-8-12-0,1.000000,0.8548404
and,4531-B-8-13-0,0.300000,0.18748173
that,4531-B-8-14-0,0.100000,0.17235115
was,4531-B-8-15-0,0.300000,0.17288527
$UNK$,4531-B-8-16-0,0.200000,0.66808593
,,,
um,4531-B-10-0-0,0.000000,0.0040842593
,,,
i,4531-B-12-0-0,0.100000,0.059708983
see,4531-B-12-1-0,0.300000,0.3662333
i,4531-B-12-2-0,0.000000,0.06644088
see,X-X-X-X-1,0.000000,0.16566601
do,4531-B-12-4-0,0.300000,0.10366869
many,4531-B-12-5-0,0.200000,0.2397891
people,4531-B-12-6-0,0.500000,0.5420253
$UNK$,4531-B-12-7-0,0.600000,0.359621
to,4531-B-12-8-0,0.000000,0.0173119
country,4531-B-12-9-0,0.900000,0.6563028
$UNK$,4531-B-12-10-0,0.800000,0.52272224
,,,
$UNK$,4531-B-14-0-0,0.000000,0.09035307
,,,
yes,4531-B-16-0-0,0.300000,0.255556
yes,4531-B-16-1-0,0.000000,0.3130227
i,4531-B-16-2-0,0.100000,0.06778693
$UNK$,4531-B-16-3-0,0.700000,0.67682517
$UNK$,4531-B-16-4-0,0.100000,0.6978249
care,4531-B-16-5-0,0.400000,0.69975805
for,4531-B-16-6-0,0.100000,0.13855076
that,4531-B-16-7-0,0.100000,0.18475509
,,,
yeah,4531-B-18-0-0,0.100000,0.09797928
,,,
$UNK$,4531-B-20-0-0,0.000000,0.089346975
,,,
right,4531-B-22-0-0,0.200000,0.15759471
well,4531-B-22-1-0,0.000000,0.15433824
country,4531-B-22-2-0,0.900000,0.6036403
$UNK$,4531-B-22-3-0,0.800000,0.4280859
is,4531-B-22-4-0,0.100000,0.097207665
not,4531-B-22-5-0,0.600000,0.61428607
that,4531-B-22-6-0,0.100000,0.16507089
sad,4531-B-22-7-0,0.600000,0.16425782
kind,4531-B-22-8-0,0.100000,0.31507424
of,4531-B-22-9-0,0.100000,0.17997518
$UNK$,4531-B-22-10-0,0.400000,0.56576
in,4531-B-22-11-0,0.100000,0.112983376
your,4531-B-22-12-0,0.100000,0.08210614
$UNK$,4531-B-22-13-0,0.800000,0.75943166
$UNK$,4531-B-22-14-0,0.400000,0.5035572
you,4531-B-22-15-0,0.000000,0.07173815
know,4531-B-22-16-0,0.000000,0.15278181
the,4531-B-22-17-0,0.000000,0.027620524
$UNK$,4531-B-22-18-0,0.400000,0.65832424
kind,4531-B-22-19-0,0.300000,0.30274555
of,4531-B-22-20-0,0.100000,0.062526554
$UNK$,4531-B-22-21-0,0.800000,0.4479092
$UNK$,4531-B-22-22-0,0.100000,0.21135858
got,4531-B-22-23-0,0.300000,0.42675078
a,4531-B-22-24-0,0.000000,0.009872973
lot,4531-B-22-25-0,0.100000,0.30038705
a,4531-B-22-26-0,0.000000,0.010141581
lot,4531-B-22-27-0,0.200000,0.2814315
better,4531-B-22-28-0,0.500000,0.405884
$UNK$,4531-B-22-29-0,0.600000,0.6915214
$UNK$,4531-B-22-30-0,0.600000,0.59138495
now,4531-B-22-31-0,0.200000,0.23007354
,,,
and,4531-B-23-0-0,0.200000,0.16939664
it,4531-B-23-1-0,0.100000,0.102517664
sounds,4531-B-23-2-0,0.500000,0.41428488
better,4531-B-23-3-0,0.400000,0.48739183
and,4531-B-23-4-0,0.200000,0.19291955
i,4531-B-23-5-0,0.100000,0.068594724
think,4531-B-23-6-0,0.300000,0.26973557
more,4531-B-23-7-0,0.100000,0.23762158
people,4531-B-23-8-0,0.400000,0.55169
all,4531-B-23-9-0,0.000000,0.17775443
$UNK$,4531-B-23-10-0,0.800000,0.6660136
like,4531-B-23-11-0,0.300000,0.267309
it,4531-B-23-12-0,0.100000,0.1323775
a,4531-B-23-13-0,0.000000,0.010647744
lot,4531-B-23-14-0,0.200000,0.30061573
better,4531-B-23-15-0,0.300000,0.43356097
,,,
yeah,4531-B-27-0-0,0.100000,0.08318728
,,,
$UNK$,4531-B-29-0-0,0.000000,0.07927412
,,,
uh-huh,4531-B-31-0-0,0.000000,0.07268569
,,,
definitely,4531-B-36-0-0,0.300000,0.2643565
,,,
well,4531-B-39-0-0,0.000000,0.13599822
i,4531-B-39-1-0,0.100000,0.06267807
think,4531-B-39-2-0,0.200000,0.22840583
$UNK$,4531-B-39-3-0,0.200000,0.2404288
gosh,4531-B-39-4-0,0.200000,0.21750036
that,4531-B-39-5-0,0.100000,0.20451856
is,4531-B-39-6-0,0.100000,0.11015758
about,4531-B-39-7-0,0.200000,0.20191988
the,4531-B-39-8-0,0.000000,0.013578296
only,4531-B-39-9-0,0.300000,0.33553463
thing,4531-B-39-10-0,0.300000,0.30869952
that,4531-B-39-11-0,0.100000,0.17193851
i,4531-B-39-12-0,0.100000,0.0783014
$UNK$,4531-B-39-13-0,0.600000,0.68809557
to,4531-B-39-14-0,0.000000,0.035141587
$UNK$,4531-B-39-15-0,0.100000,0.51513225
$UNK$,4531-B-39-16-0,0.400000,0.59017086
from,4531-B-39-17-0,0.200000,0.2367397
tennessee,4531-B-39-18-0,1.000000,0.88702404
and,4531-B-39-19-0,0.200000,0.2024827
of,4531-B-39-20-0,0.100000,0.07161456
course,4531-B-39-21-0,0.100000,0.3078175
$UNK$,4531-B-39-22-0,0.200000,0.23821327
a,4531-B-39-23-0,0.000000,0.006247103
big,4531-B-39-24-0,0.600000,0.6147201
country,4531-B-39-25-0,0.800000,0.6826016
$UNK$,4531-B-39-26-0,0.900000,0.59308994
place,4531-B-39-27-0,0.700000,0.38361704
too,4531-B-39-28-0,0.200000,0.3125807
and,4531-B-39-29-0,0.200000,0.18066692
$UNK$,4531-B-39-30-0,0.200000,0.39214057
all,4531-B-39-31-0,0.100000,0.2351268
i,4531-B-39-32-0,0.100000,0.07289818
heard,4531-B-39-33-0,0.400000,0.5076334
growing,4531-B-39-34-0,0.700000,0.67109275
up,4531-B-39-35-0,0.100000,0.24380183
,,,
so,4531-B-40-0-0,0.100000,0.17442378
uh,4531-B-40-1-0,0.000000,0.0031703413
you,4531-B-40-2-0,0.000000,0.051948607
know,4531-B-40-3-0,0.000000,0.07874191
$UNK$,4531-B-40-4-0,0.200000,0.37997544
$UNK$,4531-B-40-5-0,0.000000,0.34250647
$UNK$,4531-B-40-6-0,0.400000,0.487408
$UNK$,4531-B-40-7-0,0.200000,0.3308657
big,4531-B-40-8-0,0.600000,0.64998084
and,4531-B-40-9-0,0.200000,0.2380153
popular,4531-B-40-10-0,0.600000,0.5657055
,,,
yeah,4531-B-42-0-0,0.100000,0.11917287
,,,
$UNK$,4531-B-43-0-0,0.700000,0.3143825
$UNK$,4531-B-43-1-0,0.700000,0.3890297
or,4531-B-43-2-0,0.200000,0.21403071
$UNK$,4531-B-43-3-0,0.700000,0.546972
$UNK$,4531-B-43-4-0,0.100000,0.36844158
,,,
$UNK$,4531-B-44-0-0,0.000000,0.19943413
it,4531-B-44-1-0,0.100000,0.16305098
and,4531-B-44-2-0,0.200000,0.19074851
on,4531-B-44-3-0,0.300000,0.16258964
the,4531-B-44-4-0,0.000000,0.01252532
$UNK$,4531-B-44-5-0,0.800000,0.6612249
$UNK$,4531-B-44-6-0,0.200000,0.42428702
how,4531-B-44-7-0,0.200000,0.33418497
they,4531-B-44-8-0,0.100000,0.19544461
they,4531-B-44-9-0,0.000000,0.19285801
have,4531-B-44-10-0,0.200000,0.2204065
a,4531-B-44-11-0,0.000000,0.008552551
little,4531-B-44-12-0,0.200000,0.3352001
$UNK$,4531-B-44-13-0,0.600000,0.7088181
$UNK$,4531-B-44-14-0,0.700000,0.7088366
$UNK$,4531-B-44-15-0,0.700000,0.5802886
and,4531-B-44-16-0,0.200000,0.18697593
$UNK$,4531-B-44-17-0,0.700000,0.5151739
if,4531-B-44-18-0,0.300000,0.25409654
you,4531-B-44-19-0,0.100000,0.0591785
think,4531-B-44-20-0,0.300000,0.25682107
about,4531-B-44-21-0,0.100000,0.1847499
it,4531-B-44-22-0,0.100000,0.11970657
every,4531-B-44-23-0,0.300000,0.3523115
$UNK$,4531-B-44-24-0,0.800000,0.70235384
is,4531-B-44-25-0,0.100000,0.10501474
like,4531-B-44-26-0,0.200000,0.21757552
that,4531-B-44-27-0,0.100000,0.18881276
just,4531-B-44-28-0,0.100000,0.1613541
like,4531-B-44-29-0,0.300000,0.19680932
$UNK$,4531-B-44-30-0,0.300000,0.33011395
saying,4531-B-44-31-0,0.500000,0.5557983
,,,
well,4531-B-45-0-0,0.000000,0.11162007
uh,4531-B-45-1-0,0.000000,0.0032706559
i,4531-B-45-2-0,0.100000,0.058196247
can,4531-B-45-3-0,0.200000,0.18056405
i,4531-B-45-4-0,0.100000,0.06802493
can,4531-B-45-5-0,0.200000,0.21084261
i,4531-B-45-6-0,0.100000,0.079255104
$UNK$,4531-B-45-7-0,0.700000,0.59732413
uh,4531-B-45-8-0,0.000000,0.0030944943
we,4531-B-45-9-0,0.200000,0.07673633
$UNK$,4531-B-45-10-0,0.700000,0.62184095
$UNK$,4531-B-45-11-0,0.600000,0.64698565
so,4531-B-45-12-0,0.100000,0.18364766
we,4531-B-45-13-0,0.100000,0.09352365
really,4531-B-45-14-0,0.100000,0.20044923
$UNK$,4531-B-45-15-0,0.700000,0.3346415
go,4531-B-45-16-0,0.400000,0.3977688
to,4531-B-45-17-0,0.000000,0.021396399
$UNK$,4531-B-45-18-0,0.800000,0.8425871
or,4531-B-45-19-0,0.200000,0.18738228
anything,4531-B-45-20-0,0.200000,0.3146347
but,4531-B-45-21-0,0.300000,0.22979185
but,4531-B-45-22-0,0.000000,0.26419544
uh,4531-B-45-23-0,0.000000,0.0036145449
used,4531-B-45-24-0,0.200000,0.39524764
to,4531-B-45-25-0,0.000000,0.024434984
you,4531-B-45-26-0,0.000000,0.07336816
know,4531-B-45-27-0,0.000000,0.09933263
back,4531-B-45-28-0,0.300000,0.34967005
in,4531-B-45-29-0,0.100000,0.11314559
the,4531-B-45-30-0,0.000000,0.009108484
$UNK$,4531-B-45-31-0,0.700000,0.76996756
days,4531-B-45-32-0,0.600000,0.6501435
,,,
uh,4531-B-46-0-0,0.000000,0.0017103255
but,4531-B-46-1-0,0.300000,0.25426775
yeah,4531-B-46-2-0,0.000000,0.118616134
i,4531-B-46-3-0,0.100000,0.07975462
can,4531-B-46-4-0,0.400000,0.20033398
how,4531-B-46-5-0,0.300000,0.2806971
$UNK$,4531-B-46-6-0,0.200000,0.38407564
you,4531-B-46-7-0,0.300000,0.083328545
,,,
oh,4531-B-48-0-0,0.000000,0.027939677
for,4531-B-48-1-0,0.200000,0.16993785
sure,4531-B-48-2-0,0.300000,0.3055563
,,,
that,4531-B-49-0-0,0.100000,0.18948641
is,4531-B-49-1-0,0.100000,0.10203451
true,4531-B-49-2-0,0.400000,0.5051974
that,4531-B-49-3-0,0.100000,0.1918338
is,4531-B-49-4-0,0.100000,0.096668124
absolutely,4531-B-49-5-0,0.200000,0.4038043
true,4531-B-49-6-0,0.600000,0.46627268
or,4531-B-49-7-0,0.200000,0.19542435
$UNK$,4531-B-49-8-0,0.100000,0.14211416
gonna,4531-B-49-9-0,0.200000,0.21010542
make,4531-B-49-10-0,0.200000,0.45496938
a,4531-B-49-11-0,0.000000,0.00713858
fool,4531-B-49-12-0,0.600000,0.70533484
out,4531-B-49-13-0,0.100000,0.31230727
of,4531-B-49-14-0,0.100000,0.07886949
yourself,4531-B-49-15-0,0.100000,0.6146949
or,4531-B-49-16-0,0.200000,0.21073344
trip,4531-B-49-17-0,0.500000,0.7610843
over,4531-B-49-18-0,0.400000,0.2632956
$UNK$,4531-B-49-19-0,0.200000,0.7390401
feet,4531-B-49-20-0,0.800000,0.50718826
,,,
uh,4531-B-51-0-0,0.000000,0.0022226572
you,4531-B-51-1-0,0.000000,0.042487174
know,4531-B-51-2-0,0.000000,0.07633203
i,4531-B-51-3-0,0.100000,0.054025233
really,4531-B-51-4-0,0.100000,0.1626826
i,4531-B-51-5-0,0.100000,0.06318653
like,4531-B-51-6-0,0.400000,0.20811647
like,4531-B-51-7-0,0.000000,0.25355503
uh,4531-B-51-8-0,0.000000,0.0027108192
the,4531-B-51-9-0,0.000000,0.012286603
seventies,4531-B-51-10-0,0.900000,0.81468904
$UNK$,4531-B-51-11-0,0.800000,0.8272249
and,4531-B-51-12-0,0.200000,0.20641947
um,4531-B-51-13-0,0.000000,0.017814845
$UNK$,4531-B-51-14-0,0.700000,0.45849225
$UNK$,4531-B-51-15-0,0.800000,0.50253344
fifties,4531-B-51-16-0,0.900000,0.67285097
sixties,4531-B-51-17-0,0.900000,0.6945625
that,4531-B-51-18-0,0.100000,0.17801183
type,4531-B-51-19-0,0.200000,0.3934732
of,4531-B-51-20-0,0.100000,0.14106372
$UNK$,4531-B-51-21-0,0.800000,0.68275386
,,,
uh,4531-B-52-0-0,0.000000,0.0026673377
i,4531-B-52-1-0,0.100000,0.06722072
run,4531-B-52-2-0,0.600000,0.762727
and,4531-B-52-3-0,0.200000,0.18753973
i,4531-B-52-4-0,0.100000,0.08049619
like,4531-B-52-5-0,0.400000,0.28879464
to,4531-B-52-6-0,0.000000,0.030493468
run,4531-B-52-7-0,0.600000,0.6871073
just,4531-B-52-8-0,0.100000,0.19109958
various,4531-B-52-9-0,0.200000,0.460719
$UNK$,4531-B-52-10-0,0.800000,0.42464557
either,4531-B-52-11-0,0.300000,0.38350326
either,4531-B-52-12-0,0.000000,0.35095584
like,4531-B-52-13-0,0.100000,0.19637993
seventies,4531-B-52-14-0,0.900000,0.7954918
$UNK$,4531-B-52-15-0,0.800000,0.67857707
or,4531-B-52-16-0,0.200000,0.19745019
country,4531-B-52-17-0,0.800000,0.6819459
or,4531-B-52-18-0,0.200000,0.2037867
uh,4531-B-52-19-0,0.000000,0.0053114295
or,4531-B-52-20-0,0.200000,0.25703284
the,4531-B-52-21-0,0.000000,0.012760639
$UNK$,4531-B-52-22-0,0.700000,0.73658156
,,,
oh,4531-B-54-0-0,0.000000,0.016192198
absolutely,4531-B-54-1-0,0.400000,0.3294951
yeah,4531-B-54-2-0,0.200000,0.12811017
and,4531-B-54-3-0,0.200000,0.19390535
uh,4531-B-54-4-0,0.000000,0.0025086105
you,4531-B-54-5-0,0.000000,0.042370677
know,4531-B-54-6-0,0.000000,0.10583964
also,4531-B-54-7-0,0.100000,0.17441806
$UNK$,4531-B-54-8-0,0.200000,0.3145095
what,4531-B-54-9-0,0.200000,0.23816523
i,4531-B-54-10-0,0.100000,0.07557747
have,4531-B-54-11-0,0.200000,0.2034998
gotten,4531-B-54-12-0,0.400000,0.4340306
away,4531-B-54-13-0,0.200000,0.49560505
from,4531-B-54-14-0,0.100000,0.27986634
is,4531-B-54-15-0,0.100000,0.10508007
what,4531-B-54-16-0,0.150000,0.2387327
like,4531-B-54-17-0,0.400000,0.24692228
the,4531-B-54-18-0,0.000000,0.0098027885
$UNK$,4531-B-54-19-0,0.500000,0.7230775
forty,4531-B-54-20-0,0.600000,0.790475
stuff,4531-B-54-21-0,0.200000,0.36320695
is,4531-B-54-22-0,0.100000,0.13997093
i,4531-B-54-23-0,0.100000,0.06570935
$UNK$,4531-B-54-24-0,0.700000,0.615054
i,4531-B-54-25-0,0.100000,0.084305555
$UNK$,4531-B-54-26-0,0.700000,0.599342
hardly,4531-B-54-27-0,0.300000,0.50846213
i,4531-B-54-28-0,0.100000,0.070589334
$UNK$,4531-B-54-29-0,0.700000,0.6658486
tell,4531-B-54-30-0,0.400000,0.48431948
you,4531-B-54-31-0,0.100000,0.06602487
right,4531-B-54-32-0,0.100000,0.19676644
now,4531-B-54-33-0,0.400000,0.1897847
what,4531-B-54-34-0,0.300000,0.2352514
the,4531-B-54-35-0,0.000000,0.010349572
$UNK$,4531-B-54-36-0,0.400000,0.6817365
one,4531-B-54-37-0,0.600000,0.42396057
or,4531-B-54-38-0,0.200000,0.20681486
two,4531-B-54-39-0,0.600000,0.7092954
$UNK$,4531-B-54-40-0,0.800000,0.74988395
are,4531-B-54-41-0,0.100000,0.16954002
,,,
oh,4531-B-56-0-0,0.000000,0.015722185
yeah,4531-B-56-1-0,0.100000,0.093573034
yeah,4531-B-56-2-0,0.000000,0.067766726
yeah,4531-B-56-3-0,0.000000,0.080364615
absolutely,4531-B-56-4-0,0.200000,0.36674136
$UNK$,4531-B-56-5-0,1.000000,0.636964
and,4531-B-56-6-0,0.200000,0.19209483
$UNK$,4531-B-56-7-0,1.000000,0.69947636
and,4531-B-56-8-0,0.200000,0.18738374
all,4531-B-56-9-0,0.000000,0.17479399
that,4531-B-56-10-0,0.100000,0.19726914
in,4531-B-56-11-0,0.100000,0.09412891
fact,4531-B-56-12-0,0.100000,0.43737262
i,4531-B-56-13-0,0.100000,0.08291006
was,4531-B-56-14-0,0.300000,0.17971882
listening,4531-B-56-15-0,0.600000,0.67109823
to,4531-B-56-16-0,0.000000,0.022374481
that,4531-B-56-17-0,0.100000,0.214376
on,4531-B-56-18-0,0.100000,0.102502584
my,4531-B-56-19-0,0.200000,0.09010276
way,4531-B-56-20-0,0.400000,0.27153695
home,4531-B-56-21-0,0.500000,0.75500745
today,4531-B-56-22-0,0.200000,0.48471028
but,4531-B-56-23-0,0.200000,0.23197529
uh,4531-B-56-24-0,0.000000,0.0014370978
$UNK$,4531-B-56-25-0,0.100000,0.45367548
i,4531-B-56-26-0,0.000000,0.08225921
enjoy,4531-B-56-27-0,0.600000,0.63824034
that,4531-B-56-28-0,0.300000,0.1756447
type,4531-B-56-29-0,0.200000,0.32716435
of,4531-B-56-30-0,0.100000,0.074245155
$UNK$,4531-B-56-31-0,0.800000,0.6580313
,,,
oh,4531-B-58-0-0,0.000000,0.032129586
$UNK$,4531-B-58-1-0,1.000000,0.3525426
and,4531-B-58-2-0,1.000000,0.19935265
$UNK$,4531-B-58-3-0,1.000000,0.634671
now,4531-B-58-4-0,0.100000,0.23593003
i,4531-B-58-5-0,0.100000,0.08241218
have,4531-B-58-6-0,0.300000,0.22341791
heard,4531-B-58-7-0,0.400000,0.481883
of,4531-B-58-8-0,0.100000,0.098929614
them,4531-B-58-9-0,0.100000,0.26122123
,,,
oh,4531-B-60-0-0,0.000000,0.027910769
yeah,4531-B-60-1-0,0.200000,0.09172356
the,4531-B-60-2-0,1.000000,0.021466464
who,4531-B-60-3-0,1.000000,0.40411043
,,,
it,4531-B-61-0-0,0.100000,0.11695826
is,4531-B-61-1-0,0.100000,0.1245583
old,4531-B-61-2-0,0.400000,0.60933334
,,,
$UNK$,4531-B-62-0-0,0.700000,0.09855673
that,4531-B-62-1-0,0.100000,0.16866267
funny,4531-B-62-2-0,0.400000,0.63217664
,,,
but,4531-B-63-0-0,0.200000,0.26899487
it,4531-B-63-1-0,0.100000,0.09875378
does,4531-B-63-2-0,0.200000,0.2937171
yeah,4531-B-63-3-0,0.100000,0.108118504
$UNK$,4531-B-63-4-0,0.100000,0.089755505
kind,4531-B-63-5-0,0.200000,0.2785621
of,4531-B-63-6-0,0.100000,0.08649206
like,4531-B-63-7-0,0.400000,0.2133221
making,4531-B-63-8-0,0.400000,0.51681185
a,4531-B-63-9-0,0.000000,0.007458359
$UNK$,4531-B-63-10-0,0.600000,0.6715516
$UNK$,4531-B-63-11-0,0.100000,0.36923343
just,4531-B-63-12-0,0.100000,0.16677976
$UNK$,4531-B-63-13-0,0.700000,0.71811163
and,4531-B-63-14-0,0.200000,0.18273452
just,4531-B-63-15-0,0.100000,0.14545202
kind,4531-B-63-16-0,0.200000,0.27731073
of,4531-B-63-17-0,0.100000,0.06704229
making,4531-B-63-18-0,0.400000,0.55234647
a,4531-B-63-19-0,0.000000,0.007173121
$UNK$,4531-B-63-20-0,0.600000,0.7949734
now,4531-B-63-21-0,0.200000,0.24182856
i,4531-B-63-22-0,0.100000,0.05908394
guess,4531-B-63-23-0,0.300000,0.20165208
and,4531-B-63-24-0,0.200000,0.19170216
$UNK$,4531-B-63-25-0,0.100000,0.32642978
what,4531-B-63-26-0,0.150000,0.24841976
they,4531-B-63-27-0,0.100000,0.17312571
enjoy,4531-B-63-28-0,0.400000,0.6435498
$UNK$,4531-B-63-29-0,0.600000,0.6009431
,,,
which,4531-B-64-0-0,0.200000,0.110788524
$UNK$,4531-B-64-1-0,0.200000,0.26608217
funny,4531-B-64-2-0,0.600000,0.5967343
$UNK$,4531-B-64-3-0,0.200000,0.171659
i,4531-B-64-4-0,0.100000,0.08036187
was,4531-B-64-5-0,0.200000,0.26727694
oh,4531-B-64-6-0,0.000000,0.041253924
so,4531-B-64-7-0,0.100000,0.17373559
you,4531-B-64-8-0,0.200000,0.064813614
were,4531-B-64-9-0,0.100000,0.25458586
$UNK$,4531-B-64-10-0,0.400000,0.45076936
in,4531-B-64-11-0,0.200000,0.1101976
fifty,4531-B-64-12-0,0.700000,0.75339854
i,4531-B-64-13-0,0.200000,0.09888613
was,4531-B-64-14-0,0.100000,0.16147786
$UNK$,4531-B-64-15-0,0.400000,0.46123973
in,4531-B-64-16-0,0.100000,0.070970565
fifty,4531-B-64-17-0,0.700000,0.836414
nine,4531-B-64-18-0,0.700000,0.8624352
so,4531-B-64-19-0,0.100000,0.2247912
,,,
you,4531-B-65-0-0,0.000000,0.041839838
know,4531-B-65-1-0,0.000000,0.095425844
when,4531-B-65-2-0,0.300000,0.29846156
i,4531-B-65-3-0,0.100000,0.07423636
was,4531-B-65-4-0,0.300000,0.21553719
in,4531-B-65-5-0,0.100000,0.09607762
high,4531-B-65-6-0,0.800000,0.7369634
school,4531-B-65-7-0,0.800000,0.83262324
that,4531-B-65-8-0,0.100000,0.20593283
some,4531-B-65-9-0,0.100000,0.18107978
of,4531-B-65-10-0,0.100000,0.087836385
this,4531-B-65-11-0,0.200000,0.12838176
kind,4531-B-65-12-0,0.300000,0.25416237
of,4531-B-65-13-0,0.100000,0.073019475
$UNK$,4531-B-65-14-0,0.800000,0.6114167
was,4531-B-65-15-0,0.100000,0.17142034
popular,4531-B-65-16-0,0.600000,0.59961224
and,4531-B-65-17-0,0.200000,0.16673517
$UNK$,4531-B-65-18-0,0.200000,0.30799562
what,4531-B-65-19-0,0.150000,0.23608848
i,4531-B-65-20-0,0.100000,0.079794854
like,4531-B-65-21-0,0.400000,0.21800178
$UNK$,4531-B-65-22-0,0.600000,0.4345681
to,4531-B-65-23-0,0.000000,0.022089511
hear,4531-B-65-24-0,0.400000,0.5323288
right,4531-B-65-25-0,0.100000,0.1901286
now,4531-B-65-26-0,0.300000,0.1920942
even,4531-B-65-27-0,0.200000,0.23402455
,,,
uh,4531-B-66-0-0,0.000000,0.0025913417
well,4531-B-66-1-0,0.000000,0.17019385
i,4531-B-66-2-0,0.100000,0.07168499
was,4531-B-66-3-0,0.200000,0.20650181
in,4531-B-66-4-0,0.100000,0.09853214
band,4531-B-66-5-0,0.800000,0.56705606
in,4531-B-66-6-0,0.200000,0.14432439
high,4531-B-66-7-0,0.800000,0.6947236
school,4531-B-66-8-0,0.800000,0.89466417
and,4531-B-66-9-0,0.200000,0.19641972
i,4531-B-66-10-0,0.100000,0.08105874
played,4531-B-66-11-0,0.400000,0.766345
$UNK$,4531-B-66-12-0,1.000000,0.78797615
then,4531-B-66-13-0,0.200000,0.17821014
i,4531-B-66-14-0,0.100000,0.066759884
took,4531-B-66-15-0,0.400000,0.50507057
$UNK$,4531-B-66-16-0,0.800000,0.54473263
lessons,4531-B-66-17-0,0.700000,0.70492566
,,,
yes,4531-B-67-0-0,0.300000,0.23114184
i,4531-B-67-1-0,0.100000,0.069570094
do,4531-B-67-2-0,0.100000,0.25401682
$UNK$,4531-B-67-3-0,0.000000,0.48436227
and,4531-B-67-4-0,0.200000,0.17972514
i,4531-B-67-5-0,0.100000,0.08142477
like,4531-B-67-6-0,0.400000,0.21501821
$UNK$,4531-B-67-7-0,0.900000,0.6483613
that,4531-B-67-8-0,0.100000,0.16317472
kind,4531-B-67-9-0,0.200000,0.32489756
do,4531-B-67-10-0,0.300000,0.22332117
you,4531-B-67-11-0,0.300000,0.08185345
do,4531-B-67-12-0,0.000000,0.22717264
you,4531-B-67-13-0,0.000000,0.07711804
,,,
i,4531-B-68-0-0,0.100000,0.0581654
just,4531-B-68-1-0,0.000000,0.15587696
$UNK$,4531-B-68-2-0,0.200000,0.26052022
really,4531-B-68-3-0,0.100000,0.23856956
not,4531-B-68-4-0,0.700000,0.5904114
been,4531-B-68-5-0,0.100000,0.17953143
around,4531-B-68-6-0,0.400000,0.29560214
that,4531-B-68-7-0,0.100000,0.14966697
very,4531-B-68-8-0,0.200000,0.18302882
much,4531-B-68-9-0,0.300000,0.28588587
to,4531-B-68-10-0,0.000000,0.06445867
to,4531-B-68-11-0,0.000000,0.038763076
say,4531-B-68-12-0,0.200000,0.40900427
actually,4531-B-68-13-0,0.100000,0.38725495
if,4531-B-68-14-0,0.300000,0.21134648
i,4531-B-68-15-0,0.100000,0.079224855
could,4531-B-68-16-0,0.300000,0.28101233
really,4531-B-68-17-0,0.100000,0.23220271
say,4531-B-68-18-0,0.300000,0.39962262
if,4531-B-68-19-0,0.300000,0.24235693
i,4531-B-68-20-0,0.100000,0.075704634
liked,4531-B-68-21-0,0.400000,0.63236856
it,4531-B-68-22-0,0.100000,0.11464915
or,4531-B-68-23-0,0.300000,0.15766135
not,4531-B-68-24-0,0.700000,0.56220317
,,,
$UNK$,3817-A-0-0-0,0.600000,0.0736959
a,3817-A-0-1-0,0.000000,0.007035613
family,3817-A-0-2-0,0.800000,0.7196071
$UNK$,3817-A-0-3-0,0.800000,0.64347184
recently,3817-A-0-4-0,0.400000,0.5925216
,,,
you,3817-A-2-0-0,0.000000,0.047316283
know,3817-A-2-1-0,0.000000,0.08942491
i,3817-A-2-2-0,0.100000,0.06645551
really,3817-A-2-3-0,0.200000,0.18077955
$UNK$,3817-A-2-4-0,0.700000,0.5861685
and,3817-A-2-5-0,0.200000,0.19078782
i,3817-A-2-6-0,0.100000,0.06074229
know,3817-A-2-7-0,0.400000,0.17012769
of,3817-A-2-8-0,0.100000,0.10799837
friends,3817-A-2-9-0,0.700000,0.66315037
$UNK$,3817-A-2-10-0,0.300000,0.19260535
done,3817-A-2-11-0,0.400000,0.3581448
it,3817-A-2-12-0,0.200000,0.1134392
recently,3817-A-2-13-0,0.400000,0.61501664
and,3817-A-2-14-0,0.200000,0.18651813
have,3817-A-2-15-0,0.300000,0.19013932
really,3817-A-2-16-0,0.100000,0.25414526
enjoyed,3817-A-2-17-0,0.600000,0.6246613
um,3817-A-2-18-0,0.000000,0.013799429
,,,
the,3817-A-3-0-0,0.000000,0.028021216
the,3817-A-3-1-0,0.000000,0.016593426
$UNK$,3817-A-3-2-0,0.600000,0.71659696
process,3817-A-3-3-0,0.700000,0.4328594
but,3817-A-3-4-0,0.300000,0.24845204
uh,3817-A-3-5-0,0.000000,0.002447158
most,3817-A-3-6-0,0.200000,0.28076005
of,3817-A-3-7-0,0.100000,0.07214126
our,3817-A-3-8-0,0.100000,0.13062122
family,3817-A-3-9-0,0.800000,0.76296777
see,3817-A-3-10-0,0.600000,0.37627822
each,3817-A-3-11-0,0.300000,0.1835323
other,3817-A-3-12-0,0.300000,0.20872182
fairly,3817-A-3-13-0,0.400000,0.36922216
$UNK$,3817-A-3-14-0,0.600000,0.6035446
so,3817-A-3-15-0,0.200000,0.17975599
$UNK$,3817-A-3-16-0,0.300000,0.36452967
$UNK$,3817-A-3-17-0,0.000000,0.26639014
uh,3817-A-3-18-0,0.000000,0.0024838746
you,3817-A-3-19-0,0.000000,0.04776004
know,3817-A-3-20-0,0.000000,0.07236162
not,3817-A-3-21-0,0.600000,0.61597824
a,3817-A-3-22-0,0.000000,0.017245263
a,3817-A-3-23-0,0.000000,0.010042667
major,3817-A-3-24-0,0.400000,0.69192517
$UNK$,3817-A-3-25-0,0.800000,0.7829329
to,3817-A-3-26-0,0.000000,0.06658813
to,3817-A-3-27-0,0.000000,0.01577425
try,3817-A-3-28-0,0.600000,0.6317055
and,3817-A-3-29-0,0.200000,0.22188175
plan,3817-A-3-30-0,0.600000,0.6717051
it,3817-A-3-31-0,0.100000,0.097550124
because,3817-A-3-32-0,0.400000,0.23758885
$UNK$,3817-A-3-33-0,0.300000,0.39097247
all,3817-A-3-34-0,0.000000,0.20623341
fairly,3817-A-3-35-0,0.300000,0.35273486
close,3817-A-3-36-0,0.500000,0.33929253
um,3817-A-3-37-0,0.000000,0.011028081
,,,
$UNK$,3817-A-5-0-0,0.200000,0.10918605
wonderful,3817-A-5-1-0,0.400000,0.4295956
,,,
oh,3817-A-9-0-0,0.100000,0.02138117
$UNK$,3817-A-9-1-0,0.200000,0.14135751
great,3817-A-9-2-0,0.400000,0.51527137
,,,
so,3817-A-10-0-0,0.300000,0.15654492
your,3817-A-10-1-0,0.100000,0.080955416
$UNK$,3817-A-10-2-0,0.900000,0.6733113
was,3817-A-10-3-0,0.300000,0.16598088
still,3817-A-10-4-0,0.200000,0.24581552
living,3817-A-10-5-0,0.600000,0.72605765
and,3817-A-10-6-0,0.300000,0.19690761
everyone,3817-A-10-7-0,0.300000,0.36779833
up,3817-A-10-8-0,0.200000,0.23444244
to,3817-A-10-9-0,0.100000,0.026365638
that,3817-A-10-10-0,0.300000,0.20316193
point,3817-A-10-11-0,0.300000,0.21074438
was,3817-A-10-12-0,0.100000,0.14761719
$UNK$,3817-A-10-13-0,0.700000,0.6675643
,,,
uh-huh,3817-A-12-0-0,0.200000,0.03091824
wow,3817-A-12-1-0,0.300000,0.088620156
,,,
uh-huh,3817-A-14-0-0,0.200000,0.046076566
,,,
$UNK$,3817-A-15-0-0,0.100000,0.1127857
wonderful,3817-A-15-1-0,0.600000,0.49110407
two,3817-A-15-2-0,0.800000,0.6923163
hundred,3817-A-15-3-0,0.800000,0.6357026
people,3817-A-15-4-0,0.800000,0.5256025
who,3817-A-15-5-0,0.300000,0.2376746
$UNK$,3817-A-15-6-0,0.600000,0.44577074
it,3817-A-15-7-0,0.100000,0.10083282
who,3817-A-15-8-0,0.200000,0.2761402
was,3817-A-15-9-0,0.100000,0.15827182
the,3817-A-15-10-0,0.000000,0.012375712
one,3817-A-15-11-0,0.600000,0.44762164
that,3817-A-15-12-0,0.200000,0.16420761
$UNK$,3817-A-15-13-0,0.700000,0.45508942
the,3817-A-15-14-0,0.000000,0.031557977
the,3817-A-15-15-0,0.000000,0.01647988
$UNK$,3817-A-15-16-0,0.600000,0.71832144
process,3817-A-15-17-0,0.500000,0.45497224
,,,
i,3817-A-21-0-0,0.100000,0.056325585
was,3817-A-21-1-0,0.300000,0.1668289
gonna,3817-A-21-2-0,0.300000,0.20019859
ask,3817-A-21-3-0,0.400000,0.41710448
next,3817-A-21-4-0,0.200000,0.49172947
how,3817-A-21-5-0,0.300000,0.31493294
she,3817-A-21-6-0,0.300000,0.17658836
was,3817-A-21-7-0,0.200000,0.1812537
familiar,3817-A-21-8-0,0.600000,0.46294072
with,3817-A-21-9-0,0.300000,0.17993939
where,3817-A-21-10-0,0.300000,0.19026262
everyone,3817-A-21-11-0,0.400000,0.33921862
was,3817-A-21-12-0,0.300000,0.18367949
,,,
uh-huh,3817-A-23-0-0,0.200000,0.027629048
uh-huh,3817-A-23-1-0,0.000000,0.02194944
,,,
uh-huh,3817-A-25-0-0,0.200000,0.043049127
uh-huh,3817-A-25-1-0,0.000000,0.036264688
,,,
now,3817-A-27-0-0,0.200000,0.19889227
given,3817-A-27-1-0,0.300000,0.41083568
the,3817-A-27-2-0,0.000000,0.010668725
size,3817-A-27-3-0,0.600000,0.5123424
of,3817-A-27-4-0,0.100000,0.14394203
the,3817-A-27-5-0,0.000000,0.010463357
group,3817-A-27-6-0,0.800000,0.5900076
were,3817-A-27-7-0,0.300000,0.20654193
there,3817-A-27-8-0,0.100000,0.2004222
people,3817-A-27-9-0,0.800000,0.52760994
were,3817-A-27-10-0,0.300000,0.19863462
most,3817-A-27-11-0,0.400000,0.25877425
of,3817-A-27-12-0,0.100000,0.117596895
the,3817-A-27-13-0,0.000000,0.00966087
families,3817-A-27-14-0,0.800000,0.75576276
fairly,3817-A-27-15-0,0.200000,0.44233465
large,3817-A-27-16-0,0.500000,0.54567015
is,3817-A-27-17-0,0.100000,0.110877454
that,3817-A-27-18-0,0.300000,0.18412799
what,3817-A-27-19-0,0.300000,0.1559554
$UNK$,3817-A-27-20-0,0.600000,0.668207
to,3817-A-27-21-0,0.000000,0.019290894
that,3817-A-27-22-0,0.100000,0.20732576
,,,
$UNK$,3817-A-31-0-0,0.200000,0.11583495
great,3817-A-31-1-0,0.400000,0.46249813
,,,
$UNK$,3817-A-33-0-0,0.200000,0.058348835
wonderful,3817-A-33-1-0,0.600000,0.42309225
$UNK$,3817-A-33-2-0,0.100000,0.14826664
sure,3817-A-33-3-0,0.300000,0.28411257
that,3817-A-33-4-0,0.200000,0.18124351
was,3817-A-33-5-0,0.300000,0.15274388
a,3817-A-33-6-0,0.000000,0.0063320994
wonderful,3817-A-33-7-0,0.600000,0.641809
experience,3817-A-33-8-0,0.700000,0.70570326
for,3817-A-33-9-0,0.300000,0.12680238
the,3817-A-33-10-0,0.000000,0.013010889
kids,3817-A-33-11-0,0.800000,0.8276346
too,3817-A-33-12-0,0.200000,0.3045539
and,3817-A-33-13-0,0.200000,0.1768454
even,3817-A-33-14-0,0.300000,0.25312424
if,3817-A-33-15-0,0.300000,0.2264725
they,3817-A-33-16-0,0.200000,0.1578637
$UNK$,3817-A-33-17-0,0.700000,0.56220686
$UNK$,3817-A-33-18-0,0.600000,0.62407047
it,3817-A-33-19-0,0.100000,0.11549851
at,3817-A-33-20-0,0.300000,0.13602036
the,3817-A-33-21-0,0.000000,0.01060304
$UNK$,3817-A-33-22-0,0.600000,0.6714829
$UNK$,3817-A-33-23-0,0.300000,0.49583694
probably,3817-A-33-24-0,0.300000,0.2677835
really,3817-A-33-25-0,0.200000,0.21291682
$UNK$,3817-A-33-26-0,0.600000,0.5369701
it,3817-A-33-27-0,0.100000,0.115499794
later,3817-A-33-28-0,0.400000,0.35882324
,,,
no,3817-A-35-0-0,0.600000,0.4499912
uh,3817-A-35-1-0,0.000000,0.002847761
uh,3817-A-35-2-0,0.000000,0.002513498
,,,
yeah,3817-A-37-0-0,0.200000,0.10024789
my,3817-A-37-1-0,0.100000,0.086490154
folks,3817-A-37-2-0,0.500000,0.5801135
uh,3817-A-37-3-0,0.000000,0.004452765
moved,3817-A-37-4-0,0.600000,0.62318796
from,3817-A-37-5-0,0.300000,0.2515002
$UNK$,3817-A-37-6-0,1.000000,0.62067294
to,3817-A-37-7-0,0.300000,0.03972915
$UNK$,3817-A-37-8-0,1.000000,0.7478983
$UNK$,3817-A-37-9-0,1.000000,0.78056264
and,3817-A-37-10-0,0.200000,0.169734
$UNK$,3817-A-37-11-0,0.200000,0.45428544
where,3817-A-37-12-0,0.300000,0.2147696
they,3817-A-37-13-0,0.100000,0.1672121
raised,3817-A-37-14-0,0.600000,0.5024432
the,3817-A-37-15-0,0.000000,0.016241044
three,3817-A-37-16-0,0.800000,0.67988384
of,3817-A-37-17-0,0.100000,0.12754527
us,3817-A-37-18-0,0.600000,0.23695937
my,3817-A-37-19-0,0.100000,0.10649505
daughter,3817-A-37-20-0,0.800000,0.7445594
my,3817-A-37-21-0,0.100000,0.12478429
sisters,3817-A-37-22-0,0.800000,0.8089907
and,3817-A-37-23-0,0.200000,0.1923104
myself,3817-A-37-24-0,0.800000,0.27475935
,,,
but,3817-A-38-0-0,0.200000,0.19703391
uh,3817-A-38-1-0,0.000000,0.0018202364
,,,
i,3817-A-40-0-0,0.100000,0.060439587
would,3817-A-40-1-0,0.300000,0.1735026
expect,3817-A-40-2-0,0.400000,0.46193844
yeah,3817-A-40-3-0,0.200000,0.16041905
yeah,3817-A-40-4-0,0.000000,0.14786556
,,,
and,3817-A-41-0-0,0.200000,0.1541239
i,3817-A-41-1-0,0.100000,0.062800825
know,3817-A-41-2-0,0.400000,0.16303414
that,3817-A-41-3-0,0.200000,0.17021117
my,3817-A-41-4-0,0.100000,0.0964424
$UNK$,3817-A-41-5-0,0.800000,0.84647816
families,3817-A-41-6-0,0.800000,0.8024554
were,3817-A-41-7-0,0.200000,0.17948356
fairly,3817-A-41-8-0,0.200000,0.40566045
large,3817-A-41-9-0,0.500000,0.49909186
but,3817-A-41-10-0,0.300000,0.2669611
my,3817-A-41-11-0,0.100000,0.08933085
father,3817-A-41-12-0,0.800000,0.7345339
has,3817-A-41-13-0,0.300000,0.19307595
just,3817-A-41-14-0,0.100000,0.1569263
one,3817-A-41-15-0,0.600000,0.41872853
brother,3817-A-41-16-0,0.800000,0.75316226
and,3817-A-41-17-0,0.200000,0.17879423
my,3817-A-41-18-0,0.100000,0.086453885
$UNK$,3817-A-41-19-0,0.800000,0.7185878
has,3817-A-41-20-0,0.100000,0.20234773
one,3817-A-41-21-0,0.600000,0.35054773
brother,3817-A-41-22-0,0.800000,0.715092
,,,
so,3817-A-42-0-0,0.300000,0.15091398
$UNK$,3817-A-42-1-0,0.300000,0.43913016
kept,3817-A-42-2-0,0.400000,0.52839905
in,3817-A-42-3-0,0.100000,0.10302308
$UNK$,3817-A-42-4-0,0.500000,0.4395286
those,3817-A-42-5-0,0.100000,0.24485412
first,3817-A-42-6-0,0.700000,0.34013593
$UNK$,3817-A-42-7-0,0.800000,0.61914855
very,3817-A-42-8-0,0.200000,0.19765463
pretty,3817-A-42-9-0,0.200000,0.2552939
$UNK$,3817-A-42-10-0,0.500000,0.6679204
um,3817-A-42-11-0,0.000000,0.009314239
$UNK$,3817-A-42-12-0,0.200000,0.39675504
not,3817-A-42-13-0,0.700000,0.6504296
quite,3817-A-42-14-0,0.100000,0.25937188
sure,3817-A-42-15-0,0.500000,0.24965262
how,3817-A-42-16-0,0.300000,0.24897763
$UNK$,3817-A-42-17-0,0.200000,0.2873627
even,3817-A-42-18-0,0.100000,0.22991094
$UNK$,3817-A-42-19-0,0.600000,0.51000345
finding,3817-A-42-20-0,0.700000,0.5369918
the,3817-A-42-21-0,0.000000,0.013591468
rest,3817-A-42-22-0,0.400000,0.577047
of,3817-A-42-23-0,0.100000,0.08615962
the,3817-A-42-24-0,0.000000,0.019825906
folks,3817-A-42-25-0,0.800000,0.6151161
in,3817-A-42-26-0,0.100000,0.08620122
$UNK$,3817-A-42-27-0,1.000000,0.70816255
,,,
i,3817-A-43-0-0,0.100000,0.051038563
think,3817-A-43-1-0,0.400000,0.24091601
i,3817-A-43-2-0,0.000000,0.060664445
think,3817-A-43-3-0,0.000000,0.24936527
each,3817-A-43-4-0,0.100000,0.21896714
of,3817-A-43-5-0,0.100000,0.089559525
my,3817-A-43-6-0,0.100000,0.11012089
grandparents,3817-A-43-7-0,0.900000,0.75005656
had,3817-A-43-8-0,0.300000,0.20911318
ten,3817-A-43-9-0,0.700000,0.83897424
$UNK$,3817-A-43-10-0,0.800000,0.7471361
,,,
so,3817-A-44-0-0,0.100000,0.17435023
,,,
$UNK$,3817-A-45-0-0,0.300000,0.10330492
got,3817-A-45-1-0,0.400000,0.3686062
to,3817-A-45-2-0,0.000000,0.028312027
be,3817-A-45-3-0,0.300000,0.2329891
a,3817-A-45-4-0,0.000000,0.0069949627
few,3817-A-45-5-0,0.300000,0.33640155
of,3817-A-45-6-0,0.100000,0.08221963
those,3817-A-45-7-0,0.300000,0.22226614
second,3817-A-45-8-0,0.700000,0.48472393
does,3817-A-45-9-0,0.300000,0.35266638
that,3817-A-45-10-0,0.100000,0.15518525
make,3817-A-45-11-0,0.400000,0.43547866
second,3817-A-45-12-0,0.700000,0.61766523
$UNK$,3817-A-45-13-0,0.800000,0.68144536
or,3817-A-45-14-0,0.300000,0.19337815
third,3817-A-45-15-0,0.700000,0.594942
$UNK$,3817-A-45-16-0,0.800000,0.5244018
$UNK$,3817-A-45-17-0,0.200000,0.23209116
not,3817-A-45-18-0,0.700000,0.65081817
sure,3817-A-45-19-0,0.700000,0.3109843
,,,
oh,3817-A-48-0-0,0.000000,0.018409371
okay,3817-A-48-1-0,0.200000,0.16418627
okay,3817-A-48-2-0,0.000000,0.16602805
,,,
so,3817-A-50-0-0,0.300000,0.1517554
perhaps,3817-A-50-1-0,0.200000,0.3819165
my,3817-A-50-2-0,0.100000,0.10366613
grandparents,3817-A-50-3-0,0.800000,0.81807184
$UNK$,3817-A-50-4-0,0.800000,0.6040705
would,3817-A-50-5-0,0.200000,0.2059857
be,3817-A-50-6-0,0.300000,0.1625449
my,3817-A-50-7-0,0.100000,0.09418908
great,3817-A-50-8-0,0.800000,0.48296484
great,3817-A-50-9-0,0.800000,0.48881844
,,,
$UNK$,3817-A-51-0-0,0.800000,0.27356148
and,3817-A-51-1-0,0.200000,0.20981455
$UNK$,3817-A-51-2-0,0.800000,0.31819415
,,,
right,3817-A-53-0-0,0.200000,0.1379993
right,3817-A-53-1-0,0.000000,0.1712656
,,,
did,3817-A-55-0-0,0.300000,0.42348933
you,3817-A-55-1-0,0.200000,0.069162786
find,3817-A-55-2-0,0.400000,0.42229843
that,3817-A-55-3-0,0.200000,0.160258
you,3817-A-55-4-0,0.100000,0.063905835
had,3817-A-55-5-0,0.300000,0.2566039
a,3817-A-55-6-0,0.000000,0.008236915
lot,3817-A-55-7-0,0.300000,0.35614583
in,3817-A-55-8-0,0.100000,0.078673184
$UNK$,3817-A-55-9-0,0.500000,0.63201505
did,3817-A-55-10-0,0.300000,0.4184376
people,3817-A-55-11-0,0.800000,0.48920202
find,3817-A-55-12-0,0.400000,0.45431167
out,3817-A-55-13-0,0.300000,0.25731778
things,3817-A-55-14-0,0.400000,0.30587855
about,3817-A-55-15-0,0.300000,0.21039078
each,3817-A-55-16-0,0.300000,0.20561251
other,3817-A-55-17-0,0.300000,0.23861554
that,3817-A-55-18-0,0.200000,0.16992265
they,3817-A-55-19-0,0.200000,0.16151738
$UNK$,3817-A-55-20-0,0.700000,0.5651963
been,3817-A-55-21-0,0.200000,0.19436377
aware,3817-A-55-22-0,0.600000,0.53850377
,,,
really,3817-A-57-0-0,0.200000,0.16941333
,,,
uh-huh,3817-A-61-0-0,0.200000,0.040647
,,,
the,3817-B-2-0-0,0.000000,0.016779155
last,3817-B-2-1-0,0.500000,0.49480748
family,3817-B-2-2-0,0.800000,0.7312617
$UNK$,3817-B-2-3-0,0.800000,0.44174668
i,3817-B-2-4-0,0.100000,0.08551139
did,3817-B-2-5-0,0.300000,0.42200375
not,3817-B-2-6-0,0.700000,0.6110507
plan,3817-B-2-7-0,0.600000,0.5900014
i,3817-B-2-8-0,0.100000,0.082897484
only,3817-B-2-9-0,0.200000,0.3468957
$UNK$,3817-B-2-10-0,0.600000,0.77756083
and,3817-B-2-11-0,0.200000,0.18316069
enjoyed,3817-B-2-12-0,0.600000,0.6352155
about,3817-B-2-13-0,0.200000,0.24053258
two,3817-B-2-14-0,0.800000,0.67821825
years,3817-B-2-15-0,0.800000,0.7047709
ago,3817-B-2-16-0,0.600000,0.58123046
,,,
how,3817-B-3-0-0,0.300000,0.27134475
$UNK$,3817-B-3-1-0,0.100000,0.31010163
you,3817-B-3-2-0,0.300000,0.08432707
,,,
it,3817-B-5-0-0,0.100000,0.1007905
often,3817-B-5-1-0,0.200000,0.19664642
depends,3817-B-5-2-0,0.500000,0.44727576
how,3817-B-5-3-0,0.300000,0.24935097
far,3817-B-5-4-0,0.300000,0.399737
you,3817-B-5-5-0,0.100000,0.07103023
want,3817-B-5-6-0,0.400000,0.4084462
to,3817-B-5-7-0,0.000000,0.023192704
go,3817-B-5-8-0,0.600000,0.34526628
back,3817-B-5-9-0,0.500000,0.4120682
on,3817-B-5-10-0,0.100000,0.18497625
on,3817-B-5-11-0,0.000000,0.1548078
our,3817-B-5-12-0,0.200000,0.18059257
$UNK$,3817-B-5-13-0,0.200000,0.6576483
family,3817-B-5-14-0,0.800000,0.7878206
$UNK$,3817-B-5-15-0,0.800000,0.65277106
they,3817-B-5-16-0,0.200000,0.17660472
went,3817-B-5-17-0,0.500000,0.46595278
back,3817-B-5-18-0,0.300000,0.4289757
to,3817-B-5-19-0,0.000000,0.033305436
my,3817-B-5-20-0,0.200000,0.13218355
$UNK$,3817-B-5-21-0,0.900000,0.7718575
,,,
so,3817-B-6-0-0,0.300000,0.1815036
that,3817-B-6-1-0,0.100000,0.20081416
it,3817-B-6-2-0,0.100000,0.1027264
was,3817-B-6-3-0,0.300000,0.1789909
quite,3817-B-6-4-0,0.200000,0.22004059
um,3817-B-6-5-0,0.000000,0.01933816
spread,3817-B-6-6-0,0.600000,0.56050056
out,3817-B-6-7-0,0.500000,0.3511536
and,3817-B-6-8-0,0.200000,0.17059058
there,3817-B-6-9-0,0.200000,0.17928854
were,3817-B-6-10-0,0.300000,0.17903128
many,3817-B-6-11-0,0.300000,0.24291512
families,3817-B-6-12-0,0.800000,0.80257523
um,3817-B-6-13-0,0.000000,0.07082057
and,3817-B-6-14-0,0.200000,0.19169754
there,3817-B-6-15-0,0.100000,0.17799175
were,3817-B-6-16-0,0.300000,0.17851728
many,3817-B-6-17-0,0.400000,0.2009728
people,3817-B-6-18-0,0.800000,0.5048479
we,3817-B-6-19-0,0.200000,0.09616783
$UNK$,3817-B-6-20-0,0.700000,0.54114276
know,3817-B-6-21-0,0.400000,0.16473725
i,3817-B-6-22-0,0.100000,0.059193373
think,3817-B-6-23-0,0.400000,0.22963968
the,3817-B-6-24-0,0.000000,0.009268701
$UNK$,3817-B-6-25-0,0.600000,0.75577074
$UNK$,3817-B-6-26-0,0.800000,0.7740676
i,3817-B-6-27-0,0.100000,0.07689834
$UNK$,3817-B-6-28-0,0.700000,0.5688181
know,3817-B-6-29-0,0.400000,0.14154837
how,3817-B-6-30-0,0.300000,0.25009826
many,3817-B-6-31-0,0.300000,0.19035828
were,3817-B-6-32-0,0.200000,0.18739983
$UNK$,3817-B-6-33-0,0.700000,0.67565376
but,3817-B-6-34-0,0.300000,0.2505429
there,3817-B-6-35-0,0.100000,0.19161993
were,3817-B-6-36-0,0.300000,0.20907876
about,3817-B-6-37-0,0.300000,0.22375476
two,3817-B-6-38-0,0.800000,0.48540118
hundred,3817-B-6-39-0,0.800000,0.79072726
and,3817-B-6-40-0,0.200000,0.19616061
fifty,3817-B-6-41-0,0.800000,0.73613113
people,3817-B-6-42-0,0.800000,0.54157865
there,3817-B-6-43-0,0.200000,0.19555852
,,,
and,3817-B-7-0-0,0.200000,0.15625006
some,3817-B-7-1-0,0.300000,0.173819
of,3817-B-7-2-0,0.100000,0.14321816
the,3817-B-7-3-0,0.000000,0.009219766
families,3817-B-7-4-0,0.800000,0.7256613
one,3817-B-7-5-0,0.400000,0.37634468
of,3817-B-7-6-0,0.100000,0.11856598
the,3817-B-7-7-0,0.000000,0.01354599
$UNK$,3817-B-7-8-0,0.600000,0.6684185
things,3817-B-7-9-0,0.500000,0.32663476
that,3817-B-7-10-0,0.100000,0.15804517
some,3817-B-7-11-0,0.100000,0.17914256
of,3817-B-7-12-0,0.100000,0.10777235
the,3817-B-7-13-0,0.000000,0.03156057
the,3817-B-7-14-0,0.000000,0.029952675
families,3817-B-7-15-0,0.800000,0.5016832
families,3817-B-7-16-0,0.000000,0.7545408
did,3817-B-7-17-0,0.300000,0.42029157
was,3817-B-7-18-0,0.200000,0.21760944
to,3817-B-7-19-0,0.000000,0.01745513
get,3817-B-7-20-0,0.400000,0.43438205
$UNK$,3817-B-7-21-0,0.800000,0.61683714
that,3817-B-7-22-0,0.100000,0.1642651
$UNK$,3817-B-7-23-0,0.600000,0.55564046
$UNK$,3817-B-7-24-0,0.300000,0.4724925
as,3817-B-7-25-0,0.100000,0.15018553
that,3817-B-7-26-0,0.300000,0.18401435
$UNK$,3817-B-7-27-0,0.800000,0.49180427
of,3817-B-7-28-0,0.100000,0.08431113
the,3817-B-7-29-0,0.000000,0.014398217
family,3817-B-7-30-0,0.800000,0.83539176
,,,
it,3817-B-8-0-0,0.100000,0.1075159
was,3817-B-8-1-0,0.300000,0.16304454
fun,3817-B-8-2-0,0.600000,0.55985856
,,,
actually,3817-B-10-0-0,0.200000,0.34352556
he,3817-B-10-1-0,0.100000,0.19156244
was,3817-B-10-2-0,0.300000,0.16245195
not,3817-B-10-3-0,0.600000,0.57784486
he,3817-B-10-4-0,0.100000,0.1954866
has,3817-B-10-5-0,0.100000,0.18272385
gone,3817-B-10-6-0,0.400000,0.37945685
but,3817-B-10-7-0,0.300000,0.28646553
they,3817-B-10-8-0,0.100000,0.17062074
decided,3817-B-10-9-0,0.600000,0.61245877
to,3817-B-10-10-0,0.000000,0.020482808
go,3817-B-10-11-0,0.300000,0.39061633
ahead,3817-B-10-12-0,0.300000,0.5669336
and,3817-B-10-13-0,0.200000,0.17568791
take,3817-B-10-14-0,0.400000,0.41003627
the,3817-B-10-15-0,0.000000,0.010386497
family,3817-B-10-16-0,0.800000,0.77663743
$UNK$,3817-B-10-17-0,0.800000,0.53465754
back,3817-B-10-18-0,0.400000,0.38580656
that,3817-B-10-19-0,0.200000,0.16619924
far,3817-B-10-20-0,0.300000,0.35023522
so,3817-B-10-21-0,0.300000,0.19539377
that,3817-B-10-22-0,0.100000,0.17759025
it,3817-B-10-23-0,0.100000,0.109607846
$UNK$,3817-B-10-24-0,0.700000,0.48709947
just,3817-B-10-25-0,0.100000,0.18406305
be,3817-B-10-26-0,0.300000,0.16298234
people,3817-B-10-27-0,0.800000,0.49842364
$UNK$,3817-B-10-28-0,0.600000,0.36257225
third,3817-B-10-29-0,0.800000,0.65315145
$UNK$,3817-B-10-30-0,0.800000,0.73757005
but,3817-B-10-31-0,0.300000,0.2399326
people,3817-B-10-32-0,0.800000,0.51000816
$UNK$,3817-B-10-33-0,0.600000,0.21451107
i,3817-B-10-34-0,0.100000,0.053210527
guess,3817-B-10-35-0,0.200000,0.1577088
,,,
whatever,3817-B-11-0-0,0.200000,0.34356725
$UNK$,3817-B-11-1-0,0.800000,0.4508823
and,3817-B-11-2-0,0.200000,0.20301789
$UNK$,3817-B-11-3-0,0.800000,0.49922967
$UNK$,3817-B-11-4-0,0.800000,0.318285
,,,
and,3817-B-12-0-0,0.200000,0.16077417
the,3817-B-12-1-0,0.000000,0.021698087
other,3817-B-12-2-0,0.300000,0.28349966
thing,3817-B-12-3-0,0.300000,0.29830712
that,3817-B-12-4-0,0.100000,0.17377588
i,3817-B-12-5-0,0.100000,0.06942764
thought,3817-B-12-6-0,0.400000,0.3455782
was,3817-B-12-7-0,0.200000,0.12958309
$UNK$,3817-B-12-8-0,0.200000,0.6648616
fun,3817-B-12-9-0,0.500000,0.5399523
was,3817-B-12-10-0,0.200000,0.20307657
uh,3817-B-12-11-0,0.000000,0.004112929
the,3817-B-12-12-0,0.000000,0.020837665
huge,3817-B-12-13-0,0.500000,0.67385876
they,3817-B-12-14-0,0.100000,0.18382716
had,3817-B-12-15-0,0.300000,0.21113935
a,3817-B-12-16-0,0.000000,0.006011665
huge,3817-B-12-17-0,0.500000,0.614801
family,3817-B-12-18-0,0.800000,0.8307843
$UNK$,3817-B-12-19-0,0.800000,0.65222436
uh,3817-B-12-20-0,0.000000,0.004396379
that,3817-B-12-21-0,0.200000,0.15125546
was,3817-B-12-22-0,0.100000,0.13085058
$UNK$,3817-B-12-23-0,0.600000,0.7902469
so,3817-B-12-24-0,0.300000,0.16521156
you,3817-B-12-25-0,0.100000,0.06172183
could,3817-B-12-26-0,0.300000,0.22455469
sort,3817-B-12-27-0,0.100000,0.3333285
of,3817-B-12-28-0,0.100000,0.07532668
everybody,3817-B-12-29-0,0.300000,0.3467767
could,3817-B-12-30-0,0.300000,0.2017771
sort,3817-B-12-31-0,0.100000,0.31437677
of,3817-B-12-32-0,0.100000,0.067786455
see,3817-B-12-33-0,0.500000,0.39964473
who,3817-B-12-34-0,0.300000,0.23052388
married,3817-B-12-35-0,0.700000,0.77110577
$UNK$,3817-B-12-36-0,0.300000,0.74616
and,3817-B-12-37-0,0.200000,0.19126189
,,,
so,3817-B-13-0-0,0.200000,0.1625197
that,3817-B-13-1-0,0.200000,0.16439354
was,3817-B-13-2-0,0.300000,0.122074395
fun,3817-B-13-3-0,0.600000,0.47479883
,,,
you,3817-B-15-0-0,0.000000,0.047352552
know,3817-B-15-1-0,0.000000,0.118821084
in,3817-B-15-2-0,0.200000,0.1168544
every,3817-B-15-3-0,0.300000,0.30595165
family,3817-B-15-4-0,0.800000,0.7163207
$UNK$,3817-B-15-5-0,0.200000,0.31914517
usually,3817-B-15-6-0,0.200000,0.27227744
one,3817-B-15-7-0,0.600000,0.3941166
person,3817-B-15-8-0,0.800000,0.5179555
that,3817-B-15-9-0,0.200000,0.17679095
is,3817-B-15-10-0,0.100000,0.11539915
$UNK$,3817-B-15-11-0,0.600000,0.597027
to,3817-B-15-12-0,0.100000,0.027325898
do,3817-B-15-13-0,0.300000,0.3307004
these,3817-B-15-14-0,0.100000,0.1751566
things,3817-B-15-15-0,0.400000,0.28834838
i,3817-B-15-16-0,0.100000,0.07247746
have,3817-B-15-17-0,0.300000,0.22709262
a,3817-B-15-18-0,0.000000,0.006878674
$UNK$,3817-B-15-19-0,0.800000,0.7650988
who,3817-B-15-20-0,0.300000,0.2693711
never,3817-B-15-21-0,0.700000,0.38780653
$UNK$,3817-B-15-22-0,0.800000,0.6225254
who,3817-B-15-23-0,0.300000,0.23207441
is,3817-B-15-24-0,0.200000,0.12396577
a,3817-B-15-25-0,0.000000,0.008176416
$UNK$,3817-B-15-26-0,0.900000,0.7189754
sounds,3817-B-15-27-0,0.500000,0.48542145
like,3817-B-15-28-0,0.300000,0.22515082
a,3817-B-15-29-0,0.000000,0.014172375
bad,3817-B-15-30-0,0.600000,0.49160245
$UNK$,3817-B-15-31-0,0.800000,0.6076195
,,,
um,3817-B-16-0-0,0.000000,0.023416013
and,3817-B-16-1-0,0.200000,0.19055891
she,3817-B-16-2-0,0.100000,0.139763
did,3817-B-16-3-0,0.200000,0.43235326
she,3817-B-16-4-0,0.100000,0.13865972
was,3817-B-16-5-0,0.300000,0.18263885
$UNK$,3817-B-16-6-0,0.100000,0.18973127
always,3817-B-16-7-0,0.200000,0.29866672
been,3817-B-16-8-0,0.200000,0.18819854
interested,3817-B-16-9-0,0.600000,0.6173846
in,3817-B-16-10-0,0.100000,0.07323879
$UNK$,3817-B-16-11-0,1.000000,0.8375522
and,3817-B-16-12-0,0.200000,0.18376547
$UNK$,3817-B-16-13-0,0.300000,0.2872107
kind,3817-B-16-14-0,0.200000,0.2862966
of,3817-B-16-15-0,0.100000,0.06382936
kept,3817-B-16-16-0,0.400000,0.70615745
track,3817-B-16-17-0,0.500000,0.7039658
and,3817-B-16-18-0,0.200000,0.18727994
so,3817-B-16-19-0,0.300000,0.19527519
,,,
um,3817-B-18-0-0,0.000000,0.0042710304
i,3817-B-18-1-0,0.100000,0.060880244
think,3817-B-18-2-0,0.400000,0.22420949
she,3817-B-18-3-0,0.100000,0.17792615
just,3817-B-18-4-0,0.200000,0.17466673
started,3817-B-18-5-0,0.600000,0.6799811
out,3817-B-18-6-0,0.500000,0.32641435
$UNK$,3817-B-18-7-0,0.600000,0.53093415
to,3817-B-18-8-0,0.000000,0.044383585
,,,
key,3817-B-19-0-0,0.600000,0.3861532
people,3817-B-19-1-0,0.800000,0.53306115
in,3817-B-19-2-0,0.100000,0.13407603
the,3817-B-19-3-0,0.000000,0.017645746
different,3817-B-19-4-0,0.400000,0.42692342
$UNK$,3817-B-19-5-0,0.700000,0.5118537
of,3817-B-19-6-0,0.100000,0.12197462
families,3817-B-19-7-0,0.800000,0.8330858
and,3817-B-19-8-0,0.200000,0.18837461
$UNK$,3817-B-19-9-0,0.400000,0.5615044
them,3817-B-19-10-0,0.200000,0.24446061
to,3817-B-19-11-0,0.000000,0.017219692
$UNK$,3817-B-19-12-0,0.600000,0.7396039
everyone,3817-B-19-13-0,0.400000,0.40197223
and,3817-B-19-14-0,0.200000,0.17459524
i,3817-B-19-15-0,0.100000,0.073206276
really,3817-B-19-16-0,0.200000,0.23409012
on,3817-B-19-17-0,0.100000,0.17760006
the,3817-B-19-18-0,0.000000,0.0110857785
family,3817-B-19-19-0,0.800000,0.7696161
$UNK$,3817-B-19-20-0,0.800000,0.670609
there,3817-B-19-21-0,0.100000,0.18953246
really,3817-B-19-22-0,0.200000,0.22462007
was,3817-B-19-23-0,0.300000,0.1900492
everyone,3817-B-19-24-0,0.400000,0.29360437
except,3817-B-19-25-0,0.700000,0.5534258
there,3817-B-19-26-0,0.200000,0.18570748
was,3817-B-19-27-0,0.300000,0.16441026
just,3817-B-19-28-0,0.200000,0.16438538
some,3817-B-19-29-0,0.100000,0.16660666
one,3817-B-19-30-0,0.600000,0.4070456
group,3817-B-19-31-0,0.800000,0.54009527
that,3817-B-19-32-0,0.200000,0.16680235
had,3817-B-19-33-0,0.300000,0.17414227
sort,3817-B-19-34-0,0.100000,0.31601
of,3817-B-19-35-0,0.100000,0.08755818
gotten,3817-B-19-36-0,0.200000,0.50014585
lost,3817-B-19-37-0,0.700000,0.5350584
,,,
in,3817-B-20-0-0,0.300000,0.093429565
$UNK$,3817-B-20-1-0,1.000000,0.5715476
but,3817-B-20-2-0,0.300000,0.26971638
this,3817-B-20-3-0,0.100000,0.15086153
is,3817-B-20-4-0,0.100000,0.11211902
was,3817-B-20-5-0,0.300000,0.22338042
in,3817-B-20-6-0,0.100000,0.08556038
$UNK$,3817-B-20-7-0,1.000000,0.7744547
and,3817-B-20-8-0,0.200000,0.19963756
it,3817-B-20-9-0,0.100000,0.105600595
was,3817-B-20-10-0,0.300000,0.2002182
a,3817-B-20-11-0,0.000000,0.0069381893
lot,3817-B-20-12-0,0.300000,0.35106993
of,3817-B-20-13-0,0.100000,0.11505899
the,3817-B-20-14-0,0.000000,0.012253553
people,3817-B-20-15-0,0.800000,0.54156876
had,3817-B-20-16-0,0.300000,0.17339274
kind,3817-B-20-17-0,0.200000,0.24990621
of,3817-B-20-18-0,0.100000,0.07132989
$UNK$,3817-B-20-19-0,0.600000,0.65355724
in,3817-B-20-20-0,0.100000,0.07991138
one,3817-B-20-21-0,0.600000,0.39590165
area,3817-B-20-22-0,0.800000,0.5209695
,,,
so,3817-B-21-0-0,0.300000,0.16529223
it,3817-B-21-1-0,0.100000,0.11761847
$UNK$,3817-B-21-2-0,0.700000,0.589265
like,3817-B-21-3-0,0.200000,0.22784364
they,3817-B-21-4-0,0.200000,0.18370563
were,3817-B-21-5-0,0.300000,0.18772382
necessarily,3817-B-21-6-0,0.500000,0.44638264
from,3817-B-21-7-0,0.300000,0.14467347
all,3817-B-21-8-0,0.000000,0.21108276
over,3817-B-21-9-0,0.300000,0.28933823
the,3817-B-21-10-0,0.000000,0.030334175
country,3817-B-21-11-0,0.800000,0.65328693
but,3817-B-21-12-0,0.300000,0.30109087
,,,
$UNK$,3817-B-23-0-0,0.300000,0.071475714
a,3817-B-23-1-0,0.000000,0.0064772666
good,3817-B-23-2-0,0.600000,0.5944282
catholic,3817-B-23-3-0,1.000000,0.87842804
$UNK$,3817-B-23-4-0,1.000000,0.7655424
$UNK$,3817-B-23-5-0,1.000000,0.82496345
and,3817-B-23-6-0,0.200000,0.20179376
so,3817-B-23-7-0,0.300000,0.17366606
yes,3817-B-23-8-0,0.100000,0.41422388
,,,
the,3817-B-24-0-0,0.000000,0.018110693
$UNK$,3817-B-24-1-0,0.700000,0.66240084
family,3817-B-24-2-0,0.800000,0.7712873
that,3817-B-24-3-0,0.300000,0.17579883
i,3817-B-24-4-0,0.100000,0.08434683
$UNK$,3817-B-24-5-0,0.600000,0.7542199
to,3817-B-24-6-0,0.200000,0.03272423
my,3817-B-24-7-0,0.100000,0.09530473
$UNK$,3817-B-24-8-0,1.000000,0.69585335
had,3817-B-24-9-0,0.300000,0.2172355
twelve,3817-B-24-10-0,0.800000,0.9244398
children,3817-B-24-11-0,0.800000,0.8717404
and,3817-B-24-12-0,0.200000,0.18207362
they,3817-B-24-13-0,0.200000,0.16272727
had,3817-B-24-14-0,0.300000,0.22215909
some,3817-B-24-15-0,0.100000,0.13514346
$UNK$,3817-B-24-16-0,0.800000,0.6991317
of,3817-B-24-17-0,0.100000,0.13794774
that,3817-B-24-18-0,0.100000,0.13627443
that,3817-B-24-19-0,0.100000,0.17529291
was,3817-B-24-20-0,0.300000,0.11545676
another,3817-B-24-21-0,0.400000,0.20612586
thing,3817-B-24-22-0,0.500000,0.27062002
they,3817-B-24-23-0,0.200000,0.13301024
did,3817-B-24-24-0,0.300000,0.4493217
that,3817-B-24-25-0,0.100000,0.16045067
i,3817-B-24-26-0,0.100000,0.06503984
thought,3817-B-24-27-0,0.400000,0.27139995
was,3817-B-24-28-0,0.200000,0.10095757
fun,3817-B-24-29-0,0.600000,0.5914497
,,,
sounds,3817-B-25-0-0,0.400000,0.28659847
like,3817-B-25-1-0,0.300000,0.22860804
the,3817-B-25-2-0,0.000000,0.009787738
twelve,3817-B-25-3-0,0.000000,0.83106816
twelve,3817-B-25-4-0,1.000000,0.896232
$UNK$,3817-B-25-5-0,1.000000,0.69958925
of,3817-B-25-6-0,1.000000,0.0982075
$UNK$,3817-B-25-7-0,1.000000,0.857551
or,3817-B-25-8-0,0.200000,0.18868157
something,3817-B-25-9-0,0.100000,0.23601553
,,,
$UNK$,3817-B-27-0-0,0.100000,0.108278304
always,3817-B-27-1-0,0.300000,0.25898576
true,3817-B-27-2-0,0.600000,0.4903527
they,3817-B-27-3-0,0.200000,0.17758134
remember,3817-B-27-4-0,0.600000,0.5704062
most,3817-B-27-5-0,0.200000,0.2617777
the,3817-B-27-6-0,0.000000,0.014536083
games,3817-B-27-7-0,0.800000,0.86144626
they,3817-B-27-8-0,0.200000,0.20572466
had,3817-B-27-9-0,0.300000,0.18993363
lots,3817-B-27-10-0,0.300000,0.41707432
of,3817-B-27-11-0,0.100000,0.07062
games,3817-B-27-12-0,0.800000,0.9025849
and,3817-B-27-13-0,0.200000,0.21399641
$UNK$,3817-B-27-14-0,0.800000,0.754467
which,3817-B-27-15-0,0.100000,0.1479584
were,3817-B-27-16-0,0.300000,0.1722947
fun,3817-B-27-17-0,0.600000,0.5542161
well,3817-B-27-18-0,0.000000,0.1623295
are,3817-B-27-19-0,0.300000,0.1457453
you,3817-B-27-20-0,0.100000,0.08462241
$UNK$,3817-B-27-21-0,0.600000,0.5503608
a,3817-B-27-22-0,0.000000,0.005761951
family,3817-B-27-23-0,0.900000,0.7862931
$UNK$,3817-B-27-24-0,0.800000,0.6354622
,,,
oh,3817-B-28-0-0,0.100000,0.010075986
,,,
do,3817-B-29-0-0,0.100000,0.23012707
you,3817-B-29-1-0,0.100000,0.07303035
how,3817-B-29-2-0,0.300000,0.3561955
your,3817-B-29-3-0,0.100000,0.10282573
$UNK$,3817-B-29-4-0,0.800000,0.59769565
$UNK$,3817-B-29-5-0,0.300000,0.26492187
from,3817-B-29-6-0,0.100000,0.13882747
$UNK$,3817-B-29-7-0,1.000000,0.4496445
$UNK$,3817-B-29-8-0,0.300000,0.38879654
in,3817-B-29-9-0,0.100000,0.13544679
$UNK$,3817-B-29-10-0,1.000000,0.55803144
$UNK$,3817-B-29-11-0,1.000000,0.7136839
,,,
sometimes,3817-B-31-0-0,0.200000,0.27432418
when,3817-B-31-1-0,0.300000,0.24738517
$UNK$,3817-B-31-2-0,0.200000,0.21926725
moved,3817-B-31-3-0,0.700000,0.59141845
perhaps,3817-B-31-4-0,0.200000,0.31824172
your,3817-B-31-5-0,0.200000,0.12654695
family,3817-B-31-6-0,0.800000,0.8055489
$UNK$,3817-B-31-7-0,0.700000,0.5341406
if,3817-B-31-8-0,0.300000,0.23913726
there,3817-B-31-9-0,0.200000,0.1798281
ever,3817-B-31-10-0,0.200000,0.3906193
one,3817-B-31-11-0,0.600000,0.43313733
would,3817-B-31-12-0,0.200000,0.21223256
would,3817-B-31-13-0,0.000000,0.24747059
be,3817-B-31-14-0,0.100000,0.14698946
back,3817-B-31-15-0,0.500000,0.423036
in,3817-B-31-16-0,0.100000,0.088032514
$UNK$,3817-B-31-17-0,1.000000,0.71004605
i,3817-B-31-18-0,0.000000,0.059782088
mean,3817-B-31-19-0,0.000000,0.19812205
that,3817-B-31-20-0,0.200000,0.18670279
would,3817-B-31-21-0,0.300000,0.14389297
be,3817-B-31-22-0,0.100000,0.16709346
where,3817-B-31-23-0,0.300000,0.1815112
your,3817-B-31-24-0,0.100000,0.10806084
$UNK$,3817-B-31-25-0,0.700000,0.75278115
would,3817-B-31-26-0,0.200000,0.19593588
be,3817-B-31-27-0,0.300000,0.16009215
,,,
this,3817-B-35-0-0,0.100000,0.102917075
is,3817-B-35-1-0,0.300000,0.14089036
a,3817-B-35-2-0,0.000000,0.00846076
little,3817-B-35-3-0,0.300000,0.35124654
$UNK$,3817-B-35-4-0,0.900000,0.52849257
,,,
that,3817-B-37-0-0,0.100000,0.16881856
sounds,3817-B-37-1-0,0.400000,0.43437782
,,,
typical,3817-B-38-0-0,0.500000,0.33135098
,,,
i,3817-B-40-0-0,0.100000,0.061462164
never,3817-B-40-1-0,0.700000,0.37260956
knew,3817-B-40-2-0,0.400000,0.3946111
that,3817-B-40-3-0,0.100000,0.17837715
$UNK$,3817-B-40-4-0,0.100000,0.21387345
i,3817-B-40-5-0,0.000000,0.080632806
always,3817-B-40-6-0,0.300000,0.23864362
i,3817-B-40-7-0,0.100000,0.07676387
thought,3817-B-40-8-0,0.400000,0.3716675
the,3817-B-40-9-0,0.000000,0.01530695
children,3817-B-40-10-0,0.800000,0.7911134
like,3817-B-40-11-0,0.200000,0.2606284
the,3817-B-40-12-0,0.000000,0.012837529
children,3817-B-40-13-0,0.800000,0.787483
of,3817-B-40-14-0,0.100000,0.1692091
your,3817-B-40-15-0,0.200000,0.11903751
first,3817-B-40-16-0,0.700000,0.48311418
$UNK$,3817-B-40-17-0,0.800000,0.6065464
i,3817-B-40-18-0,0.100000,0.07902256
always,3817-B-40-19-0,0.200000,0.25786272
called,3817-B-40-20-0,0.500000,0.36008614
those,3817-B-40-21-0,0.100000,0.2094323
second,3817-B-40-22-0,0.700000,0.5455625
$UNK$,3817-B-40-23-0,0.800000,0.7942276
and,3817-B-40-24-0,0.200000,0.18348122
my,3817-B-40-25-0,0.200000,0.12223253
children,3817-B-40-26-0,0.800000,0.79989564
and,3817-B-40-27-0,0.200000,0.18709505
my,3817-B-40-28-0,0.200000,0.08762598
$UNK$,3817-B-40-29-0,0.800000,0.81296474
children,3817-B-40-30-0,0.800000,0.8035619
i,3817-B-40-31-0,0.100000,0.07171857
called,3817-B-40-32-0,0.300000,0.39678115
third,3817-B-40-33-0,0.700000,0.6625682
$UNK$,3817-B-40-34-0,0.800000,0.5151327
,,,
$UNK$,3817-B-41-0-0,0.200000,0.16749838
how,3817-B-41-1-0,0.300000,0.32879698
$UNK$,3817-B-41-2-0,0.200000,0.2517956
always,3817-B-41-3-0,0.300000,0.32719707
$UNK$,3817-B-41-4-0,0.600000,0.27261835
it,3817-B-41-5-0,0.100000,0.12777027
some,3817-B-41-6-0,0.100000,0.15698346
people,3817-B-41-7-0,0.800000,0.5024295
have,3817-B-41-8-0,0.300000,0.21182472
this,3817-B-41-9-0,0.100000,0.071005255
once,3817-B-41-10-0,0.100000,0.36326975
$UNK$,3817-B-41-11-0,0.600000,0.4223488
stuff,3817-B-41-12-0,0.400000,0.38988024
and,3817-B-41-13-0,0.200000,0.19274414
i,3817-B-41-14-0,0.100000,0.07883644
$UNK$,3817-B-41-15-0,0.700000,0.6586685
know,3817-B-41-16-0,0.400000,0.13607457
what,3817-B-41-17-0,0.300000,0.15972337
that,3817-B-41-18-0,0.100000,0.18159759
$UNK$,3817-B-41-19-0,0.600000,0.518595
,,,
$UNK$,3817-B-43-0-0,0.300000,0.15532455
just,3817-B-43-1-0,0.200000,0.1931141
be,3817-B-43-2-0,0.300000,0.22826284
your,3817-B-43-3-0,0.200000,0.09465188
$UNK$,3817-B-43-4-0,0.800000,0.69923097
$UNK$,3817-B-43-5-0,0.800000,0.42713273
your,3817-B-43-6-0,0.100000,0.08065736
$UNK$,3817-B-43-7-0,0.800000,0.8269937
$UNK$,3817-B-43-8-0,0.800000,0.5088986
would,3817-B-43-9-0,0.100000,0.15710491
be,3817-B-43-10-0,0.300000,0.17353013
your,3817-B-43-11-0,0.100000,0.08572322
great,3817-B-43-12-0,0.800000,0.5512342
$UNK$,3817-B-43-13-0,0.800000,0.6487459
and,3817-B-43-14-0,0.200000,0.23020875
$UNK$,3817-B-43-15-0,0.800000,0.6754894
,,,
and,3817-B-44-0-0,0.200000,0.14177665
,,,
so,3817-B-45-0-0,0.300000,0.1649938
but,3817-B-45-1-0,0.200000,0.26813105
it,3817-B-45-2-0,0.100000,0.13211557
it,3817-B-45-3-0,0.000000,0.11627209
is,3817-B-45-4-0,0.300000,0.10661745
interesting,3817-B-45-5-0,0.600000,0.39592677
sometimes,3817-B-45-6-0,0.300000,0.3219207
a,3817-B-45-7-0,0.000000,0.0076881647
little,3817-B-45-8-0,0.300000,0.30059212
sad,3817-B-45-9-0,0.600000,0.5670086
when,3817-B-45-10-0,0.100000,0.23336476
families,3817-B-45-11-0,0.800000,0.7616096
$UNK$,3817-B-45-12-0,0.800000,0.5737616
out,3817-B-45-13-0,0.700000,0.25749373
quite,3817-B-45-14-0,0.200000,0.2755509
so,3817-B-45-15-0,0.200000,0.1815252
much,3817-B-45-16-0,0.300000,0.1901733
but,3817-B-45-17-0,0.200000,0.27629262
i,3817-B-45-18-0,0.100000,0.06363356
$UNK$,3817-B-45-19-0,0.700000,0.50396186
know,3817-B-45-20-0,0.400000,0.12947223
$UNK$,3817-B-45-21-0,0.300000,0.31419164
the,3817-B-45-22-0,0.000000,0.014726043
american,3817-B-45-23-0,0.900000,0.78554505
way,3817-B-45-24-0,0.600000,0.24288505
,,,
i,3817-B-47-0-0,0.100000,0.06380662
had,3817-B-47-1-0,0.300000,0.21342227
two,3817-B-47-2-0,0.700000,0.66338336
$UNK$,3817-B-47-3-0,0.700000,0.68649346
$UNK$,3817-B-47-4-0,0.800000,0.50196475
who,3817-B-47-5-0,0.200000,0.24893731
lived,3817-B-47-6-0,0.600000,0.6742393
in,3817-B-47-7-0,0.100000,0.10842791
the,3817-B-47-8-0,0.000000,0.008423358
dallas,3817-B-47-9-0,1.000000,0.94236135
fort,3817-B-47-10-0,1.000000,0.9188247
worth,3817-B-47-11-0,1.000000,0.7464984
area,3817-B-47-12-0,0.800000,0.42015594
that,3817-B-47-13-0,0.300000,0.19433385
that,3817-B-47-14-0,0.000000,0.17055738
i,3817-B-47-15-0,0.100000,0.07226539
never,3817-B-47-16-0,0.800000,0.41877693
had,3817-B-47-17-0,0.300000,0.19564691
$UNK$,3817-B-47-18-0,0.600000,0.78638417
and,3817-B-47-19-0,0.200000,0.18910766
$UNK$,3817-B-47-20-0,0.700000,0.38890544
know,3817-B-47-21-0,0.400000,0.21290565
they,3817-B-47-22-0,0.200000,0.18454668
were,3817-B-47-23-0,0.300000,0.19079843
here,3817-B-47-24-0,0.400000,0.5066366
and,3817-B-47-25-0,0.200000,0.17001644
we,3817-B-47-26-0,0.100000,0.098873466
we,3817-B-47-27-0,0.000000,0.13169476
all,3817-B-47-28-0,0.300000,0.18806437
$UNK$,3817-B-47-29-0,0.600000,0.54070157
how,3817-B-47-30-0,0.300000,0.18617806
it,3817-B-47-31-0,0.100000,0.10127044
was,3817-B-47-32-0,0.100000,0.10218817
funny,3817-B-47-33-0,0.600000,0.62871444
to,3817-B-47-34-0,0.000000,0.018868625
go,3817-B-47-35-0,0.400000,0.39028
back,3817-B-47-36-0,0.500000,0.42682076
to,3817-B-47-37-0,0.000000,0.018004507
$UNK$,3817-B-47-38-0,1.000000,0.7808408
to,3817-B-47-39-0,0.000000,0.02084297
$UNK$,3817-B-47-40-0,0.600000,0.50555307
people,3817-B-47-41-0,0.800000,0.5439763
who,3817-B-47-42-0,0.300000,0.24420446
lived,3817-B-47-43-0,0.500000,0.64196074
,,,
ten,3817-B-48-0-0,1.000000,0.68606156
miles,3817-B-48-1-0,1.000000,0.76926094
from,3817-B-48-2-0,0.300000,0.25449836
you,3817-B-48-3-0,0.100000,0.060653567
so,3817-B-48-4-0,0.300000,0.17889509
that,3817-B-48-5-0,0.100000,0.17763856
was,3817-B-48-6-0,0.300000,0.11771536
sort,3817-B-48-7-0,0.200000,0.31801307
of,3817-B-48-8-0,0.100000,0.06647846
funny,3817-B-48-9-0,0.600000,0.56583774
in,3817-B-48-10-0,0.100000,0.106372476
fact,3817-B-48-11-0,0.200000,0.4154551
one,3817-B-48-12-0,0.700000,0.4216544
of,3817-B-48-13-0,0.100000,0.13009852
them,3817-B-48-14-0,0.200000,0.20162758
$UNK$,3817-B-48-15-0,0.300000,0.40861452
like,3817-B-48-16-0,0.400000,0.24038738
my,3817-B-48-17-0,0.100000,0.11987224
father,3817-B-48-18-0,0.800000,0.4373757
,,,
i,3817-B-49-0-0,0.100000,0.056448698
$UNK$,3817-B-49-1-0,0.700000,0.36008388
remember,3817-B-49-2-0,0.600000,0.51272273
how,3817-B-49-3-0,0.300000,0.25570607
this,3817-B-49-4-0,0.100000,0.117242336
was,3817-B-49-5-0,0.300000,0.144842
i,3817-B-49-6-0,0.100000,0.059025586
guess,3817-B-49-7-0,0.400000,0.2288431
it,3817-B-49-8-0,0.100000,0.1048975
was,3817-B-49-9-0,0.300000,0.1226483
actually,3817-B-49-10-0,0.200000,0.35157025
just,3817-B-49-11-0,0.100000,0.15001208
my,3817-B-49-12-0,0.100000,0.07919562
$UNK$,3817-B-49-13-0,0.800000,0.79582167
$UNK$,3817-B-49-14-0,0.800000,0.5617678
so,3817-B-49-15-0,0.300000,0.17373854
$UNK$,3817-B-49-16-0,0.100000,0.14804038
not,3817-B-49-17-0,0.600000,0.66077465
all,3817-B-49-18-0,0.000000,0.1812588
that,3817-B-49-19-0,0.200000,0.15720761
far,3817-B-49-20-0,0.500000,0.2878971
away,3817-B-49-21-0,0.600000,0.48208112
$UNK$,3817-B-49-22-0,0.500000,0.43440014
out,3817-B-49-23-0,0.500000,0.3278901
he,3817-B-49-24-0,0.200000,0.1935522
even,3817-B-49-25-0,0.200000,0.19989613
goes,3817-B-49-26-0,0.600000,0.46355838
to,3817-B-49-27-0,0.000000,0.024957448
our,3817-B-49-28-0,0.200000,0.14029312
$UNK$,3817-B-49-29-0,0.900000,0.68509233
here,3817-B-49-30-0,0.200000,0.39443216
in,3817-B-49-31-0,0.300000,0.11293638
dallas,3817-B-49-32-0,1.000000,0.8827777
so,3817-B-49-33-0,0.100000,0.19665056
,,,
